estacion,provincia,TempMax,TempMin,TempMed,racha,VelMax(km/h),Precip00-24h(mm),Precip00-06h(mm),Precip06-12h(mm),Precip12-18h(mm),Precip18-24h(mm)
Alforja,Tarragona,22.6 (13:30),6.4 (00:10),14.5,36 (10:30),19 (19:20),0,0,0,0,0
Reus Aeropuerto,Tarragona,21.0 (15:50),4.6 (08:40),12.8,13 (14:10),10 (14:10),0,0,0,0,0
Valls,Tarragona,21.5 (14:00),2.7 (06:40),12.1,,,0,0,0,0,0
Tarragona,Tarragona,20.0 (15:50),7.3 (05:00),13.7,,,0.2,0.2,0,0,0
Pontons,Barcelona,21.5 (14:30),7.1 (02:00),14.3,36 (14:40),23 (15:10),0,0,0,0,0
Vilafranca del Penedäs,Barcelona,21.0 (14:40),2.2 (08:10),11.6,12 (15:50),8 (15:20),0,0,0,0,0
Sitges,Barcelona,16.3 (14:10),6.9 (08:50),11.6,18 (13:30),9 (14:50),0,0,0,0,0
Barcelona Aeropuerto,Barcelona,16.3 (14:40),7.5 (08:20),11.9,32 (15:10),25 (15:10),0,0,0,0,0
Berga,Barcelona,18.6 (15:50),5.0 (08:30),11.8,19 (03:10),13 (02:50),0,0,0,0,0
Balsareny,Barcelona,19.4 (15:10),-1.5 (08:20),8.9,12 (15:30),9 (15:30),0,0,0,0,0
Prats de Lluáanäs,Barcelona,19.1 (14:50),1.9 (08:20),10.5,9 (14:20),6 (00:10),0,0,0,0,0
MoiÖ,Barcelona,19.7 (15:50),9.7 (23:20),14.7,27 (11:40),15 (14:30),0,0,0,0,0
Manresa,Barcelona,19.3 (16:40),0.2 (08:40),9.7,12 (22:30),8 (22:40),0.2,0,0.2,0,0
Monistrol de Montserrat,Barcelona,21.4 (11:00),15.0 (03:10),18.2,,,0,0,0,0,0
Igualada,Barcelona,18.9 (15:20),2.3 (06:50),10.6,24 (15:50),10 (13:30),0,0,0,0,0
"Corbera, Pic d'Agulles",Barcelona,19.9 (15:00),12.7 (09:10),16.3,,,0,0,0,0,0
Barcelona,Barcelona,16.1 (15:40),7.7 (07:50),11.9,21 (13:30),17 (13:40),0,0,0,0,0
"Barcelona, Museo Mar°timo",Barcelona,18.0 (16:10),8.4 (05:10),13.2,,,0,0,0,0,0
Caldes de Montbui,Barcelona,21.1 (15:40),1.4 (07:50),11.3,13 (21:30),10 (21:30),0,0,0,0,0
Vilassar de Dalt,Barcelona,16.6 (14:10),6.7 (08:10),11.7,10 (16:10),6 (17:00),0,0,0,0,0
Arenys de Mar,Barcelona,15.7 (11:50),6.3 (07:30),11,11 (04:30),5 (00:10),0,0,0,0,0
Santa Susanna,Barcelona,15.6 (15:10),4.7 (05:40),10.2,,,0,0,0,0,0
Fogars de Montcl£s,Barcelona,22.6 (14:20),13.1 (20:30),17.9,,,0,0,0,0,0
Blanes,Girona,15.0 (14:00),10.0 (06:10),12.5,18 (00:10),10 (13:00),0,0,0,0,0
"Castell, Platja d'Aro",Girona,13.9 (14:20),3.8 (08:20),8.8,18 (02:20),11 (02:50),0,0,0,0,0
Sant Pau de Seg£ries,Girona,20.5 (14:10),-1.4 (03:40),9.6,19 (08:00),9 (07:10),0,0,0,0,0
Planoles,Girona,23.2 (13:40),7.0 (03:40),15.1,16 (06:10),9 (18:10),0,0,0,0,0
Ripoll,Girona,19.0 (15:20),-1.7 (06:40),8.6,,,0,0,0,0,0
Tona,Barcelona,18.7 (15:50),0.2 (08:20),9.5,10 (17:30),6 (18:30),0,0,0,0,0
Sant JuliÖ  de Vilatorta,Barcelona,19.6 (14:30),-0.8 (08:10),9.4,8 (12:30),5 (19:20),0.1,0,0.1,0,0
Les Planes d'Hostoles,Girona,16.1 (14:50),-0.3 (07:10),7.9,12 (04:00),5 (03:50),0,0,0,0,0
Sant Hilari,Girona,20.4 (14:50),6.3 (23:59),13.3,36 (13:20),19 (13:20),0,0,0,0,0
Girona Aeropuerto,Girona,13.7 (15:40),0.7 (07:20),7.2,15 (13:50),12 (16:50),0,0,0,0,0
Girona,Girona,11.4 (15:20),2.9 (08:20),7.1,17 (14:40),8 (14:40),0.2,0,0,0,0.2
Porqueres,Girona,12.5 (14:10),1.4 (08:20),6.9,13 (07:10),7 (07:10),0.2,0.1,0,0,0.1
L'Estartit,Girona,11.4 (15:00),6.0 (08:40),8.7,12 (08:00),7 (03:00),0,0,0,0,0
La Vall de Bianya,Girona,16.8 (13:30),-1.5 (05:40),7.6,18 (14:20),10 (14:20),0,0,0,0,0
Maáanet de Cabrenys,Girona,14.1 (13:40),3.0 (23:59),8.6,10 (13:50),7 (13:50),0,0,0,0,0
Espolla,Girona,9.5 (15:50),1.5 (08:10),5.5,17 (05:10),11 (05:10),0,0,0,0,0
Figueres,Girona,10.3 (15:10),3.4 (06:40),6.9,9 (08:50),6 (08:40),0,0,0,0,0
Cabo de Creus,Girona,12.4 (00:00),9.8 (09:20),11.1,,17 (08:10),0,0,0,0,0
"Baztan, Irurita",Navarra,21.3 (15:10),1.4 (03:10),11.3,17 (14:50),6 (04:50),0,0,0,0,0
Bera,Navarra,23.6 (14:00),7.6 (09:00),15.6,33 (04:10),12 (04:10),0,0,0,0,0
Ir£n,Gipuzkoa,24.7 (15:30),18.0 (07:10),21.4,27 (04:00),14 (16:50),0,0,0,0,0
San Sebasti†n Aeropuerto,Gipuzkoa,25.1 (13:30),9.5 (00:10),17.3,24 (02:00),17 (04:30),0,0,0,0,0
Renteria,Gipuzkoa,25.1 (14:30),11.9 (09:40),18.5,41 (01:00),25 (01:20),0,0,0,0,0
Segura - Lastala,Gipuzkoa,23.4 (15:20),7.1 (06:40),15.2,24 (17:50),12 (16:00),0,0,0,0,0
Beasain,Gipuzkoa,23.1 (14:40),8.2 (09:10),15.7,25 (16:00),16 (16:00),0,0,0,0,0
Ordizia,Gipuzkoa,22.7 (15:10),13.7 (09:30),18.2,36 (00:20),18 (19:20),0,0,0,0,0
Areso,Navarra,20.1 (14:20),11.3 (08:40),15.7,41 (20:20),24 (02:00),0,0,0,0,0
Legazpia,Gipuzkoa,21.4 (15:30),10.3 (09:20),15.8,,,0,0,0,0,0
Zumarraga,Gipuzkoa,19.5 (14:40),11.0 (08:00),15.3,23 (23:59),11 (00:50),,,,,
Azpeitia,Gipuzkoa,23.0 (15:10),13.4 (09:40),18.2,28 (02:30),12 (07:20),0,0,0,0,0
Zumaia,Gipuzkoa,25.8 (15:10),18.1 (08:20),21.9,48 (21:20),30 (21:00),0,0,0,0,0
Aramaio,Araba/µlava,18.2 (14:20),11.3 (07:30),14.8,,,0,0,0,0,0
Aretxabaleta,Gipuzkoa,20.2 (14:20),8.2 (09:00),14.2,,,0,0,0,0,0
Elgeta,Gipuzkoa,19.7 (14:40),10.8 (09:00),15.3,39 (15:40),9 (15:10),0,0,0,0,0
Elgoibar,Gipuzkoa,22.7 (14:50),14.3 (08:40),18.5,51 (02:20),22 (04:50),0,0,0,0,0
Mutriku,Gipuzkoa,23.8 (15:20),17.9 (07:30),20.8,50 (11:20),26 (06:10),0,0,0,0,0
Forua,Bizkaia,24.1 (14:30),14.0 (07:40),19.1,38 (01:50),28 (01:50),0,0,0,0,0
Machichaco,Bizkaia,23.6 (14:20),20.7 (03:40),22.2,65 (10:20),45 (10:00),0,0,0,0,0
Punta Galea,Bizkaia,,,,36 (01:10),16 (01:40),0.1,0,0,0,0.1
Amurrio,Araba/µlava,21.1 (13:10),12.3 (07:20),16.7,36 (12:20),21 (01:30),0,0,0,0,0
Orozko,Bizkaia,22.8 (14:40),9.9 (08:40),16.3,51 (01:10),22 (11:10),0,0,0,0,0
Abadi§o,Bizkaia,,,,,,,,0,0,0
Amorebieta--Etxano,Bizkaia,24.4 (15:00),10.1 (08:00),17.3,37 (14:10),23 (14:30),0,0,0,0,0
Balmaseda,Bizkaia,21.7 (13:00),11.5 (07:20),16.6,,,0,0,0,0,0
GÅe§es,Bizkaia,21.7 (14:30),12.5 (10:10),17.1,51 (13:20),34 (13:20),0,0,0,0,0
Bilbao Aeropuerto,Bizkaia,24.4 (15:20),15.2 (07:00),19.8,48 (15:30),23 (17:10),0,0,0,0,0
Sopuerta,Bizkaia,23.4 (13:30),12.8 (07:10),18.1,38 (14:40),21 (14:50),0,0,0,0,0
Castro Urdiales,Cantabria,24.5 (14:20),14.7 (05:40),19.6,72 (20:00),33 (19:40),0,0,0,0,0
Ramales de la Victoria,Cantabria,24.2 (14:10),4.2 (08:30),14.2,58 (23:00),23 (22:00),0,0,0,0,0
"Barcena de Cicero, Treto",Cantabria,22.0 (20:20),5.8 (04:30),13.9,26 (06:20),16 (07:40),0,0,0,0,0
Santander Aeropuerto,Cantabria,23.5 (11:50),11.8 (06:40),17.7,48 (21:40),30 (20:10),0,0,0,0,0
Santander,Cantabria,23.2 (14:20),18.2 (06:10),20.7,51 (21:50),32 (22:00),0,0,0,0,0
Villacarriedo,Cantabria,21.5 (12:00),15.4 (05:40),18.4,46 (20:40),26 (20:20),0,0,0,0,0
"Los Tojos, B†rcena Mayor",Cantabria,16.9 (14:00),2.7 (06:00),9.8,13 (11:00),6 (00:30),0,0,0,0,0
San Felices de Buelna,Cantabria,21.4 (22:00),6.1 (08:00),13.7,33 (22:30),15 (21:50),0,0,0,0,0
"Torrelavega, Sierrapando",Cantabria,21.7 (23:20),15.5 (05:50),18.6,39 (21:50),24 (22:20),0,0,0,0,0
San Vicente de la Barquera,Cantabria,22.4 (21:50),13.5 (00:20),17.9,26 (03:10),16 (03:10),0,0,0,0,0
"Camale§o, Fuente De",Cantabria,15.5 (15:30),12.2 (00:00),13.8,43 (23:10),19 (14:30),0,0,0,0,0
"Cill¢rigo de LiÇbana, Tama",Cantabria,18.7 (23:50),6.1 (07:10),12.4,30 (23:50),20 (15:40),0,0,0,0,0
Tresviso,Cantabria,18.1 (20:40),12.7 (04:10),15.4,69 (21:40),48 (21:00),0,0,0,0,0
"Posada de Valde¢n, Soto",Le¢n,11.2 (16:40),4.7 (03:00),7.9,,,0,0,0,0,0
Cabrales,Asturias,21.7 (14:00),15.9 (03:50),18.8,73 (15:30),46 (15:20),0,0,0,0,0
Llanes,Asturias,20.4 (22:00),11.5 (02:40),15.9,22 (20:40),15 (07:50),0,0,0,0,0
"Amieva, Panizales",Asturias,21.8 (15:30),18.9 (03:20),20.3,58 (15:50),31 (16:00),0,0,0,0,0
"Pilo§a, BargaÇu",Asturias,21.5 (16:40),8.5 (01:00),15,30 (15:10),12 (13:50),0,0,0,0,0
Colunga,Asturias,21.0 (19:00),10.5 (02:30),15.8,22 (10:50),13 (01:00),0,0,0,0,0
"Gij¢n, Campus",Asturias,23.0 (16:30),9.6 (04:10),16.3,29 (15:30),12 (15:30),0,0,0,0,0
Cabo Pe§as,Asturias,22.5 (17:10),17.6 (00:40),20.1,28 (02:00),20 (00:50),0,0,0,0,0
Asturias Aeropuerto,Asturias,21.3 (15:50),14.1 (08:30),17.7,32 (08:10),18 (00:40),0,0,0,0,0
Pajares-Valgrande,Asturias,10.1 (13:40),5.1 (09:10),7.6,62 (19:10),35 (19:40),0,0,0,0,0
"Lena, Ronz¢n",Asturias,22.0 (13:40),17.2 (07:50),19.6,43 (12:50),22 (12:30),0,0,0,0,0
"Aller, Felechosa",Asturias,20.1 (13:20),11.2 (06:20),15.7,33 (00:50),14 (13:30),0,0,0,0,0
"Mieres, Bai§a",Asturias,24.1 (16:00),12.7 (04:20),18.4,49 (00:20),18 (00:20),0,0,0,0,0
Oviedo,Asturias,23.2 (16:30),16.4 (00:00),19.8,36 (16:10),19 (16:00),0,0,0,0,0
"Tineo, Soutu",Asturias,22.1 (16:10),5.9 (02:10),14,30 (15:30),9 (15:20),0,0,0,0,0
Pola de Somiedo,Asturias,19.7 (15:00),13.6 (07:50),16.7,51 (23:30),22 (23:50),0,0,0,0,0
"Salas, Camu§o",Asturias,22.1 (15:40),10.9 (00:10),16.5,13 (08:10),5 (20:40),0,0,0,0,0
Cabo Busto,Asturias,24.6 (16:20),17.8 (00:30),21.2,50 (21:20),29 (21:20),0,0,0,0,0
Cervantes,Lugo,16.8 (14:30),10.0 (00:20),13.4,54 (15:00),24 (08:40),0,0,0,0,0
Dega§a,Asturias,14.7 (15:00),10.3 (23:50),12.5,55 (05:10),18 (05:50),0,0,0,0,0
"Ibias, San Antolin",Asturias,19.4 (14:50),15.4 (09:00),17.4,80 (20:10),40 (13:50),0,0,0,0,0
"Villay¢n, Oneta",Asturias,22.0 (13:40),17.2 (08:30),19.6,62 (19:50),33 (01:20),0,0,0,0,0
Castropol,Asturias,25.6 (15:00),19.5 (10:00),22.6,47 (23:40),21 (23:50),0,0,0,0,0
"Taramundi, Ouria",Asturias,23.0 (14:50),18.2 (23:59),20.6,76 (19:50),44 (19:50),0,0,0,0,0
Ribadeo,Lugo,25.1 (14:50),17.4 (10:20),21.3,46 (23:00),22 (23:40),0,0,0,0,0
Mondo§edo,Lugo,22.4 (15:30),17.5 (09:40),19.9,,,0,0,0,0,0
Burela,Lugo,22.2 (13:00),18.8 (23:59),20.5,,,0,0,0,0,0
Estaca de Bares,A Coru§a,22.5 (15:00),14.8 (23:40),18.7,74 (01:10),52 (21:50),0,0,0,0,0
Ferrol,A Coru§a,22.0 (13:20),14.5 (23:59),18.3,50 (15:20),32 (15:40),0.7,0,0,0,0.7
As Pontes,A Coru§a,20.7 (14:10),12.4 (09:10),16.6,,,2.2,0,0,0,2.2
A Coru§a,A Coru§a,23.1 (14:10),15.7 (23:00),19.4,54 (15:30),26 (20:20),0.8,0,0,0,0.8
A Coru§a Bens,A Coru§a,21.8 (14:10),14.5 (22:00),18.1,47 (16:40),37 (16:10),1,0,0,0,1
A Coru§a Aeropuerto,A Coru§a,22.3 (13:50),13.4 (09:30),17.8,71 (15:10),39 (20:10),0.3,0,0,0,0.3
"Carballo, Depuradora",A Coru§a,21.0 (13:40),14.1 (23:50),17.6,,,2,0,0,0,2
Cabo Vil†n,A Coru§a,19.4 (00:10),13.7 (23:59),16.5,91 (01:40),59 (01:30),5.3,0,0,0,5.3
Vimianzo,A Coru§a,18.6 (00:10),12.9 (23:59),15.8,,,5.4,0,0,0,5.4
Fisterra,A Coru§a,16.7 (00:10),13.4 (23:59),15.1,90 (00:40),65 (19:20),1.4,0,0,0,1.4
Mazaricos,A Coru§a,17.4 (00:50),12.7 (23:59),15,,,9.6,0,0,0,9.6
Sobrado,A Coru§a,19.0 (14:50),11.4 (23:50),15.2,,,1.2,0,0,0,1.2
Santiago de Compostela Aeropuerto,A Coru§a,19.1 (14:40),12.7 (00:10),15.9,46 (13:20),28 (16:50),7.6,0,0,0,7.6
Noia,A Coru§a,20.3 (11:50),14.4 (22:30),17.3,60 (02:20),21 (17:40),5.2,0,0,0,5.2
Monte Iroite,A Coru§a,,,,,,5.1,0,0,0,5.1
Boiro,A Coru§a,19.2 (11:40),13.9 (00:00),16.6,,,6.2,0,0,0,6.2
Monterroso,Lugo,18.4 (14:30),11.9 (04:50),15.1,,,,,,,
Silleda,Pontevedra,20.6 (13:20),12.2 (09:30),16.4,45 (14:20),24 (14:20),2.4,0,0,0,2.4
A Estrada,Pontevedra,20.3 (12:50),13.9 (23:00),17.1,,,,,,,
Padr¢n,A Coru§a,,,,,,,0,0,0,
Santiago de Compostela,A Coru§a,21.5 (13:30),13.9 (23:59),17.7,40 (20:10),13 (20:10),3.1,0,0,0,3.1
"Rois, Casas do Porto",A Coru§a,18.8 (13:10),13.4 (22:00),16.1,,,11.6,0,0,0,11.6
Vilagarc°a de Arousa,Pontevedra,21.5 (12:20),14.9 (22:30),18.2,60 (18:40),27 (19:00),8.4,0,0,0,8.4
Pontevedra,Pontevedra,23.2 (13:20),14.8 (23:00),19,58 (15:00),23 (20:30),7.6,0,0,0,7.6
A Lama,Pontevedra,20.7 (13:20),12.7 (23:10),16.7,44 (19:00),22 (19:20),11,0,0,0,11
Vigo Aeropuerto,Pontevedra,,,,,,,,,0,7.4
Vigo,Pontevedra,21.7 (12:10),14.6 (22:50),18.2,51 (18:10),23 (12:50),11.8,0,0,0,11.8
Lugo Aeropuerto,Lugo,21.3 (15:00),14.4 (23:59),17.8,50 (13:30),22 (20:30),0,0,0,0,0
Lugo,Lugo,19.8 (14:50),11.9 (07:50),15.8,33 (00:10),11 (00:20),0,0,0,0,0
O P†ramo,Lugo,21.2 (15:30),15.4 (09:30),18.3,,,0,0,0,0,0
Becerre†,Lugo,15.8 (13:10),12.0 (23:40),13.9,55 (14:50),23 (01:40),0,0,0,0,0
O Savi§ao,Lugo,,,,,,,,,,
Villablino,Le¢n,19.0 (14:40),2.7 (02:20),10.9,56 (22:40),29 (23:10),0,0,0,0,0
Puerto de Leitariegos,Asturias,12.4 (16:30),4.2 (00:00),8.3,69 (23:50),31 (22:10),0,0,0,0,0
Ponferrada,Le¢n,14.1 (15:50),2.7 (08:40),8.4,19 (16:30),10 (16:40),0,0,0,0,0
Vega de Espinareda,Le¢n,18.6 (16:30),3.3 (08:10),11,,,0,0,0,0,0
O Barco de Valdeorras,Ourense,13.9 (16:10),4.2 (09:10),9,,,0,0,0,0,0
A Pobra de Trives,Ourense,19.1 (15:10),9.0 (07:20),14.1,58 (14:20),24 (13:50),0,0,0,0,0
Chandrexa de Queixa,Ourense,17.1 (15:00),11.7 (06:40),14.4,79 (15:00),55 (23:59),0,0,0,0,0
Folgoso do Courel,Lugo,19.8 (14:20),15.5 (06:20),17.6,,,0,0,0,0,0
Monforte de Lemos,Lugo,23.2 (14:50),10.7 (02:30),17,39 (13:10),16 (15:30),0,0,0,0,0
Ourense,Ourense,22.5 (16:40),13.4 (07:30),17.9,36 (22:50),17 (16:40),0,0,0,0,0
Beariz,Ourense,19.5 (14:00),6.5 (09:50),13,,,4.2,0,0,0,4.2
O Carballi§o,Ourense,19.7 (15:00),7.3 (06:30),13.5,29 (15:00),8 (09:50),1.5,0,0,0,1.5
Ribadavia,Ourense,17.9 (22:30),3.2 (09:30),10.5,32 (22:30),13 (22:30),0.4,0,0,0,0.4
Allariz,Ourense,21.6 (15:20),11.4 (06:50),16.5,,,0,0,0,0,0
A Ca§iza,Pontevedra,20.0 (13:40),12.0 (23:59),16,,,3.2,0,0,0,3.2
"Ponteareas, Canedo",Pontevedra,23.4 (14:30),10.9 (06:40),17.1,,,,,,,
O Rosal,Pontevedra,22.4 (13:00),14.6 (05:00),18.5,,,6.8,0,0,0,6.8
Xinzo de Limia,Ourense,18.6 (14:50),8.9 (06:50),13.8,44 (10:50),28 (10:50),0,0,0,0,0
Mui§os,Ourense,18.9 (13:10),13.1 (23:30),16,,,0,0,0,0,0
"Santillana del Mar, Altamira",Cantabria,,,,,,,0,0,,
"Vinuesa, Quintanarejo",Soria,17.1 (15:00),-1.0 (07:10),8.1,,,0,0,0,0,0
"La P¢veda de Soria, Barriomart°n",Soria,17.0 (15:20),-0.4 (07:20),8.3,24 (15:00),12 (15:00),0,0,0,0,0
Soria,Soria,19.0 (15:20),-2.5 (08:40),8.3,15 (16:10),9 (16:00),0,0,0,0,0
Lubia,Soria,18.9 (14:40),0.6 (07:40),9.7,18 (15:40),12 (23:59),0,0,0,0,0
Mor¢n de Almaz†n,Soria,20.4 (15:30),-3.5 (08:40),8.4,21 (15:50),14 (15:50),0,0,0,0,0
La Riba de Escalote,Soria,18.2 (15:20),-0.5 (09:30),8.9,35 (22:20),32 (17:30),0,0,0,0,0
Ucero,Soria,18.7 (15:50),-2.6 (08:50),8.1,,,0,0,0,0,0
Burgo de Osma,Soria,20.7 (15:50),-3.0 (08:40),8.9,14 (14:10),11 (14:10),0,0,0,0,0
Liceras,Soria,19.4 (13:10),4.5 (08:00),11.9,16 (00:30),13 (00:30),0,0,0,0,0
Coru§a del Conde,Burgos,17.4 (16:10),1.4 (07:00),9.4,17 (13:10),12 (15:10),0,0,0,0,0
Aranda de Duero,Burgos,15.9 (16:00),-1.0 (04:10),7.4,16 (15:20),9 (13:50),0,0,0,0,0
Fresno de Cantespino,Segovia,17.3 (17:10),-1.7 (09:00),7.8,15 (19:10),11 (18:40),0,0,0,0,0
Aldeanueva de Serrezuela,Segovia,18.6 (14:50),10.1 (02:50),14.4,30 (14:20),19 (14:20),0,0,0,0,0
"La Pinilla, estaci¢n de esqu°",Segovia,13.7 (14:10),6.5 (05:30),10.1,59 (01:00),40 (00:50),0,0,0,0,0
Pe§afiel,Valladolid,15.4 (16:20),-1.2 (07:40),7.1,,,0,0,0,0,0
Sard¢n de Duero,Valladolid,20.1 (15:50),-0.5 (05:40),9.8,19 (10:30),9 (10:20),0,0,0,0,0
Pedraza,Segovia,19.8 (14:50),5.6 (01:20),12.7,20 (15:30),13 (20:20),0,0,0,0,0
CuÇllar,Segovia,23.3 (14:50),-3.2 (04:30),10,14 (15:20),8 (11:50),0,0,0,0,0
Cervera de Pisuerga,Palencia,18.0 (14:00),7.4 (00:50),12.7,58 (23:59),30 (23:59),0,0,0,0,0
Aguilar de Campoo,Palencia,14.3 (16:10),3.5 (06:40),8.9,25 (03:10),16 (03:10),0,0,0,0,0
Villaeles de Valdavia,Palencia,13.8 (15:50),-0.5 (05:40),6.7,18 (15:40),11 (15:40),0,0,0,0,0
Villadiego,Burgos,13.9 (14:30),2.1 (05:00),8,16 (14:50),12 (14:50),0,0,0,0,0
Pedrosa del Pr°ncipe,Burgos,14.9 (16:10),-1.1 (07:50),6.9,13 (14:20),8 (14:30),0,0,0,0,0
‡lvega,Soria,18.9 (11:20),4.9 (09:10),11.9,41 (16:00),22 (16:10),0,0,0,0,0
Palacios de la Sierra,Burgos,18.0 (15:30),-1.6 (06:40),8.2,22 (08:10),16 (21:20),0,0,0,0,0
Monterrubio de la Demanda,Burgos,17.0 (15:30),-0.2 (06:20),8.4,27 (15:00),18 (16:10),0,0,0,0,0
Villamayor de los Montes,Burgos,17.7 (14:40),2.6 (04:30),10.2,30 (12:10),17 (22:00),0,0,0,0,0
Burgos Aeropuerto,Burgos,18.4 (14:20),0.3 (06:50),9.3,29 (15:00),20 (14:50),0,0,0,0,0
"Velilla del R°o Carri¢n, Camporredondo de Alba",Palencia,13.5 (13:40),6.1 (02:50),9.8,54 (14:30),35 (23:59),0,0,0,0,0
Carri¢n de los Condes,Palencia,13.8 (16:00),-0.8 (08:40),6.5,12 (12:20),6 (12:00),0,0,0,0,0
Autilla del Pino,Palencia,15.3 (14:10),1.5 (06:40),8.4,21 (23:50),18 (23:40),0,0,0,0,0
Palencia,Palencia,13.7 (16:10),-0.1 (08:20),6.8,14 (15:00),9 (15:00),0,0,0,0,0
Valladolid,Valladolid,16.3 (15:40),1.6 (08:30),8.9,16 (22:40),10 (22:40),0,0,0,0,0
Mu§otello,µvila,17.9 (16:30),3.0 (07:40),10.4,17 (18:10),11 (18:10),0,0,0,0,0
µvila,µvila,17.8 (13:50),0.3 (08:10),9,26 (14:50),16 (14:50),0,0,0,0,0
Arevalo,µvila,21.2 (15:50),1.4 (05:20),11.3,14 (12:20),9 (12:20),0,0,0,0,0
Puerto de Navacerrada,Madrid,13.7 (13:40),7.3 (00:00),10.5,44 (23:30),29 (23:20),0,0,0,0,0
Segovia,Segovia,20.1 (15:10),6.4 (05:10),13.3,23 (15:10),16 (15:10),0,0,0,0,0
San Rafael,Segovia,18.3 (14:40),4.0 (07:10),11.1,,,0,0,0,0,0
Miguela§ez,Segovia,20.6 (15:50),3.6 (05:00),12.1,31 (23:00),25 (19:20),0,0,0,0,0
"La Covatilla, estaci¢n de esqu°",Salamanca,14.2 (14:40),3.0 (00:50),8.6,,,0,0,0,0,0
"Olmedo, Dep¢sito de Agua",Valladolid,20.5 (15:50),-0.2 (08:30),10.1,26 (22:40),22 (22:40),0,0,0,0,0
Rueda,Valladolid,15.9 (16:30),0.5 (08:20),8.2,,,0,0,0,0,0
Rivilla de Barajas,µvila,19.6 (13:40),8.4 (04:30),14,15 (21:20),12 (08:40),0,0,0,0,0
Fuente el Sol,Valladolid,22.5 (16:20),0.3 (08:00),11.4,20 (21:40),16 (21:20),0,0,0,0,0
Morales del Toro,Zamora,18.4 (16:40),0.5 (06:20),9.4,17 (11:40),12 (11:40),0.2,0.2,0,0,0
Fuentesauco,Zamora,17.7 (13:50),4.3 (05:10),11,19 (14:20),13 (23:50),0,0,0,0,0
Coreses,Zamora,11.2 (16:20),-0.2 (05:00),5.5,19 (16:20),15 (16:20),0,0,0,0,0
"Santerv†s de la Vega, Villap£n",Palencia,14.1 (15:10),1.9 (04:00),8,14 (13:40),9 (13:40),0,0,0,0,0
Villal¢n de Campos,Valladolid,13.7 (15:40),0.4 (08:20),7,13 (11:50),7 (11:50),0,0,0,0,0
Medina de Rioseco,Valladolid,,,,,,,,,,
Villaf†fila,Zamora,12.1 (16:20),-0.1 (05:40),6,18 (12:50),12 (11:40),0,0,0,0,0
Zamora,Zamora,11.1 (16:20),0.9 (06:50),6,12 (16:20),8 (16:20),0,0,0,0,0
Ria§o,Le¢n,15.7 (13:50),1.9 (02:40),8.8,32 (14:00),19 (17:00),0,0,0,0,0
Cubillas de Rueda,Le¢n,15.0 (16:20),0.0 (02:50),7.5,16 (15:30),10 (15:50),0,0,0,0,0
Puerto de San Isidro,Le¢n,11.8 (13:30),7.0 (01:30),9.4,54 (03:10),27 (10:00),0,0,0,0,0
"Le¢n, Virgen del Camino",Le¢n,13.5 (15:50),2.4 (08:50),8,17 (16:30),12 (02:10),0,0,0,0,0
Valencia de Don Juan,Le¢n,11.8 (16:30),0.5 (07:50),6.2,21 (03:10),18 (20:20),0,0,0,0,0
"Barrios de Luna, Mi§era",Le¢n,14.4 (16:50),3.1 (07:30),8.7,37 (14:10),21 (12:20),0,0,0,0,0
"Quintana del Castillo, Villameca",Le¢n,12.5 (15:50),1.3 (09:00),6.9,19 (15:50),12 (02:20),0.2,0,0,0.2,0
Astorga,Le¢n,,,,,,,,,,
Lagunas de Somoza,Le¢n,13.7 (16:30),0.8 (06:40),7.2,22 (16:40),14 (16:30),0,0,0,0,0
Bustillo del P†ramo,Le¢n,13.2 (15:40),0.4 (08:00),6.8,20 (16:30),15 (16:30),0,0,0,0,0
Benavente,Zamora,12.3 (17:10),0.5 (07:20),6.4,15 (07:10),8 (12:00),0,0,0,0,0
"Sanabria, Robleda-Cervantes",Zamora,16.1 (15:20),-2.6 (08:40),6.8,20 (16:00),9 (16:00),0,0,0,0,0
Villardeciervos,Zamora,15.7 (15:50),-1.5 (08:40),7.1,14 (23:59),9 (23:59),0,0,0,0,0
Santiba§ez de Vidriales,Zamora,12.3 (16:00),-1.1 (08:30),5.6,12 (14:50),6 (14:50),0.2,0.2,0,0,0
Pozuelo de Tabara,Zamora,12.3 (16:10),-0.4 (09:00),6,18 (23:59),15 (23:59),0,0,0,0,0
Villadepera,Zamora,12.2 (16:20),-0.1 (06:50),6,23 (22:50),18 (23:10),0.2,0.2,0,0,0
Barco de Avila,µvila,20.4 (14:50),-0.8 (05:40),9.8,28 (15:00),17 (15:20),0,0,0,0,0
Pedrosillo de Los Aires,Salamanca,19.8 (14:50),-0.9 (08:30),9.4,22 (15:20),15 (15:20),0,0,0,0,0
Pedraza de Alba,Salamanca,20.0 (15:50),0.7 (04:20),10.3,15 (15:10),10 (14:50),0,0,0,0,0
Salamanca Aeropuerto,Salamanca,21.7 (15:20),-0.1 (08:20),10.8,22 (16:10),17 (16:30),0,0,0,0,0
Salamanca,Salamanca,21.7 (15:30),2.6 (09:00),12.2,21 (16:00),10 (16:00),0,0,0,0,0
Barbadillo,Salamanca,20.4 (14:50),0.9 (08:30),10.6,28 (15:10),18 (15:10),0,0,0,0,0
Pe§ausende,Zamora,18.6 (16:00),11.0 (23:59),14.8,,20 (23:20),0,0,0,0,0
Fresno de Sayago,Zamora,17.9 (16:00),-0.6 (08:40),8.6,23 (23:40),18 (04:50),0,0,0,0,0
Villarino de los Aires,Salamanca,15.2 (15:40),2.0 (07:50),8.6,32 (22:10),22 (22:20),0,0,0,0,0
Boadilla Fuente San Esteban,Salamanca,20.0 (15:40),4.8 (02:30),12.4,23 (07:40),17 (07:40),0,0,0,0,0
Vitigudino,Salamanca,20.2 (13:40),8.4 (03:50),14.3,35 (14:50),18 (14:50),0,0,0,0,0
El Ma°llo,Salamanca,18.8 (13:10),9.4 (01:50),14.1,43 (14:50),28 (14:50),0,0,0,0,0
Ba§ob†rez,Salamanca,19.5 (15:00),6.6 (09:20),13,28 (14:50),17 (14:50),0,0,0,0,0
Navasfr°as,Salamanca,17.4 (14:00),0.2 (09:00),8.8,29 (13:30),14 (13:20),0,0,0,0,0
El Bod¢n Base AÇrea,Salamanca,19.0 (14:10),6.5 (06:50),12.8,33 (13:20),22 (14:30),0,0,0,0,0
Saelices El Chico,Salamanca,21.2 (14:20),4.2 (05:10),12.7,30 (14:00),17 (14:20),0,0,0,0,0
Alca§ices,Zamora,17.7 (14:50),1.5 (08:00),9.6,22 (06:30),18 (06:00),0,0,0,0,0
A Gudi§a,Ourense,15.0 (15:10),6.6 (09:20),10.8,,,0,0,0,0,0
Ver°n,Ourense,18.5 (15:30),1.1 (07:40),9.8,,,0,0,0,0,0
Molina de Arag¢n,Guadalajara,18.9 (16:30),-5.1 (08:50),6.9,9 (16:20),6 (16:30),0,0,0,0,0
Zaorejas,Guadalajara,19.1 (16:00),2.3 (09:20),10.7,24 (16:00),16 (23:10),0,0,0,0,0
Beteta,Cuenca,16.2 (15:30),-2.4 (07:50),6.9,,,0,0,0,0,0
Ca§izares,Cuenca,21.7 (14:30),-1.3 (08:30),10.2,,,0,0,0,0,0
Pastrana,Guadalajara,20.6 (15:30),3.9 (07:50),12.3,,,0,0,0,0,0
Taranc¢n,Cuenca,22.8 (15:10),6.8 (07:50),14.8,18 (16:10),12 (08:50),0,0,0,0,0
Oca§a,Toledo,18.0 (15:40),1.7 (06:30),9.9,17 (07:30),14 (07:30),0,0,0,0,0
Aranjuez,Madrid,17.7 (15:50),-1.0 (07:40),8.4,17 (11:40),12 (11:40),0,0,0,0,0
Pantano el Vado,Guadalajara,17.4 (15:00),1.6 (08:30),9.5,14 (10:00),10 (10:10),0,0,0,0,0
Rascafr°a,Madrid,18.0 (15:20),-2.4 (07:10),7.8,10 (14:50),5 (15:00),0,0,0,0,0
Buitrago del Lozoya,Madrid,17.6 (15:10),-0.7 (07:30),8.5,11 (08:40),7 (08:50),0,0,0,0,0
Somosierra,Madrid,15.4 (14:50),5.0 (07:40),10.2,20 (00:20),5 (13:50),0,0,0,0,0
San Sebasti†n de Los Reyes,Madrid,20.9 (16:30),2.4 (07:40),11.6,,,0,0,0,0,0
"Madrid, El Goloso",Madrid,17.1 (16:20),0.1 (08:40),8.6,10 (13:30),5 (13:10),0,0,0,0,0
Madrid Aeropuerto,Madrid,17.2 (16:10),-0.3 (09:20),8.5,15 (21:50),10 (21:50),0,0,0,0,0
SigÅenza,Guadalajara,19.9 (14:20),-4.1 (06:50),7.9,17 (14:40),8 (14:40),0,0,0,0,0
Mandayona,Guadalajara,19.0 (14:50),1.8 (08:40),10.4,,,0,0,0,0,0
Campis†balos,Guadalajara,,,,,,,,0,0,0
Guadalajara,Guadalajara,19.5 (17:00),1.1 (08:40),10.3,12 (22:20),6 (07:30),0,0,0,0,0
Alcala de Henares,Madrid,19.2 (16:30),0.9 (07:00),10.1,18 (10:10),12 (10:40),0,0,0,0,0
Arganda del Rey,Madrid,18.7 (16:10),-0.2 (08:50),9.3,11 (21:40),8 (01:00),0.2,0,0.2,0,0
Colmenar Viejo,Madrid,18.2 (15:50),8.7 (05:00),13.5,9 (01:50),8 (02:00),0,0,0,0,0
Pozuelo de Alarc¢n,Madrid,20.2 (16:00),-0.6 (07:10),9.8,,,0,0,0,0,0
"Madrid, Retiro",Madrid,16.7 (15:50),5.5 (08:10),11.1,,,0,0,0,0,0
Brihuega,Guadalajara,20.7 (15:30),0.4 (07:10),10.6,,,0,0,0,0,0
Tielmes,Madrid,17.8 (15:20),0.7 (08:30),9.2,,,0,0,0,0,0
Tembleque,Toledo,18.7 (16:20),-1.8 (08:20),8.5,,,0,0,0,0,0
Mora,Toledo,21.0 (15:30),1.5 (08:50),11.3,14 (14:30),9 (23:50),0,0,0,0,0
Toledo,Toledo,17.0 (16:00),1.9 (08:30),9.4,21 (09:20),14 (09:20),0,0,0,0,0
Puerto Alto del Le¢n,Madrid,13.5 (14:20),7.5 (00:50),10.5,33 (23:50),19 (23:59),0,0,0,0,0
Alpedrete,Madrid,21.4 (12:40),4.9 (05:50),13.1,9 (16:00),5 (20:10),0,0,0,0,0
Torrelodones,Madrid,,,,,,,0,0,0,
San Pablo de los Montes,Toledo,,,,19 (23:20),9 (02:10),0,0,0,0,0
Navahermosa,Toledo,20.4 (15:50),3.8 (08:10),12.1,,,0.2,0,0,0.2,0
Puerto del Pico,µvila,17.2 (15:30),-4.5 (07:20),6.4,17 (13:10),10 (13:00),0,0,0,0,0
Rozas de Puerto Real,Madrid,16.1 (15:30),6.2 (09:30),11.2,,,0,0,0,0,0
Cebreros,µvila,18.4 (12:40),4.3 (08:30),11.3,15 (21:50),7 (21:50),0,0,0,0,0
Robledo de Chavela,Madrid,17.6 (15:40),3.3 (07:50),10.5,9 (15:10),6 (12:10),0,0,0,0,0
Valdemorillo,Madrid,18.7 (16:00),5.7 (06:10),12.2,15 (08:40),9 (08:40),0,0,0,0,0
Villanueva de la Ca§ada,Madrid,19.2 (15:10),3.6 (09:00),11.4,15 (00:30),13 (03:50),0,0,0,0,0
Castillo de Bayuela,Toledo,18.6 (15:40),4.7 (08:10),11.7,,,0,0,0,0,0
Talavera de la Reina,Toledo,17.0 (16:30),1.9 (08:20),9.4,24 (14:10),13 (11:40),0,0,0,0,0
Navalvillar de Ibor,C†ceres,15.6 (15:10),8.9 (06:40),12.3,18 (08:50),13 (08:10),0,0,0,0,0
Candeleda,µvila,21.4 (16:10),3.0 (08:30),12.2,10 (00:40),6 (00:40),0,0,0,0,0
Madrigal de la Vera,C†ceres,18.7 (16:10),7.2 (08:40),13,8 (01:10),5 (01:00),0,0,0,0,0
Oropesa,Toledo,19.1 (16:30),-0.3 (07:10),9.4,,,,,,,
Navalmoral de la Mata,C†ceres,17.0 (16:00),3.4 (07:00),10.2,28 (11:30),15 (12:10),0,0,0,0,0
Garganta la Olla,C†ceres,18.9 (15:20),9.8 (08:30),14.3,19 (05:40),12 (05:40),0,0,0,0,0
Serradilla,C†ceres,15.1 (15:00),7.6 (09:20),11.4,35 (05:10),25 (10:40),0,0,0,0,0
Jaraicejo,C†ceres,20.3 (15:40),11.3 (00:30),15.8,26 (09:10),22 (09:10),0,0,0,0,0
Trujillo,C†ceres,21.0 (14:30),10.4 (09:10),15.7,14 (13:00),9 (17:20),0,0,0,0,0
C†ceres,C†ceres,19.8 (16:40),5.4 (07:40),12.6,12 (08:30),9 (08:30),0,0,0,0,0
Ca§averal,C†ceres,17.1 (14:40),8.7 (07:40),12.9,22 (13:10),15 (13:10),0,0,0,0,0
Nu§omoral,C†ceres,17.8 (15:10),0.6 (08:50),9.2,9 (17:20),4 (17:30),0,0,0,0,0
Guijo de Granadilla,C†ceres,18.0 (15:30),5.0 (07:10),11.5,17 (01:20),12 (10:10),0,0,0,0,0
Herv†s,C†ceres,16.8 (15:30),7.9 (08:00),12.3,15 (16:10),9 (04:40),0.2,0,0.2,0,0
Montehermoso,C†ceres,18.1 (15:50),5.2 (05:30),11.7,24 (12:30),14 (12:30),0,0,0,0,0
Tornavacas,C†ceres,19.0 (14:40),9.3 (06:20),14.2,24 (14:30),16 (14:30),0,0,0,0,0
Piornal,C†ceres,16.1 (13:40),8.3 (03:10),12.2,30 (11:40),17 (11:50),0,0,0,0,0
Plasencia,C†ceres,16.6 (15:50),8.5 (08:50),12.6,30 (12:50),14 (13:20),0,0,0,0,0
Coria,C†ceres,17.5 (15:40),7.6 (03:30),12.5,38 (16:00),19 (16:00),0,0,0,0,0
Torrecilla de los Angeles,C†ceres,18.2 (14:50),4.1 (08:20),11.2,15 (14:00),10 (14:00),0,0,0,0,0
Hoyos,C†ceres,18.6 (14:10),8.0 (02:30),13.3,12 (13:00),8 (00:40),0,0,0,0,0
Zarza La Mayor,C†ceres,16.8 (15:40),7.9 (09:00),12.3,19 (07:00),12 (05:10),0,0,0,0,0
Valverde del Fresno,C†ceres,17.6 (15:30),5.2 (07:30),11.4,12 (19:00),10 (18:30),0,0,0,0,0
Aliseda,C†ceres,17.3 (16:00),2.5 (09:10),9.9,12 (00:10),8 (00:10),0,0,0,0,0
Brozas,C†ceres,16.8 (15:40),8.5 (07:50),12.6,28 (07:30),21 (07:30),0,0,0,0,0
Valencia de Alc†ntara,C†ceres,19.3 (13:30),8.7 (22:40),14,14 (05:30),9 (23:10),0,0,0,0,0
Ossa de Montiel,Albacete,25.4 (15:10),2.1 (08:40),13.7,16 (13:20),8 (13:20),0,0,0,0,0
Alc†zar del Rey,Cuenca,18.4 (16:00),1.5 (02:20),9.9,22 (10:20),13 (10:30),0,0,0,0,0
Quintanar de la Orden,Toledo,20.0 (15:40),2.5 (07:00),11.3,9 (05:40),6 (05:30),0,0,0,0,0
Alcazar de San Juan,Ciudad Real,17.0 (16:10),2.4 (08:10),9.7,10 (17:30),4 (17:30),0,0,0,0,0
Madridejos,Toledo,18.2 (15:30),-0.4 (08:50),8.9,22 (12:10),13 (17:30),0.2,0.2,0,0,0
Abia de Obispalia,Cuenca,22.3 (14:00),3.1 (06:20),12.7,12 (23:30),8 (23:30),0,0,0,0,0
Villares del Saz,Cuenca,18.8 (15:20),1.3 (08:40),10,,,0,0,0,0,0
Alberca de Zancara,Cuenca,21.4 (16:20),2.5 (08:00),11.9,12 (13:00),6 (12:50),0,0,0,0,0
San Clemente,Cuenca,19.2 (15:10),2.0 (07:40),10.6,19 (00:10),15 (00:10),0,0,0,0,0
Villarrobledo,Albacete,20.4 (15:30),1.7 (08:40),11,21 (13:30),14 (13:40),0,0,0,0,0
Osa de la Vega,Cuenca,16.5 (16:20),2.5 (09:10),9.5,13 (13:20),8 (13:20),0,0,0,0,0
Belmonte,Cuenca,21.6 (14:50),5.0 (08:50),13.3,13 (00:40),8 (19:30),0,0,0,0,0
Munera,Albacete,21.9 (14:10),0.6 (08:30),11.2,15 (05:40),8 (04:10),0,0,0,0,0
Tomelloso,Ciudad Real,19.5 (16:10),-0.6 (08:20),9.4,13 (14:40),9 (14:20),0,0,0,0,0
Ciudad Real,Ciudad Real,15.2 (16:20),1.0 (08:50),8.1,12 (11:30),6 (12:20),0,0,0,0,0
Villanueva de los Infantes,Ciudad Real,24.9 (15:30),9.6 (23:50),17.3,28 (10:20),26 (10:20),0,0,0,0,0
Valdepe§as,Ciudad Real,17.9 (14:50),1.8 (08:20),9.8,14 (15:30),7 (13:50),0.2,0.2,0,0,0
Viso del MarquÇs,Ciudad Real,20.8 (14:40),2.1 (06:40),11.4,15 (18:20),11 (18:20),0,0,0,0,0
Aben¢jar,Ciudad Real,19.6 (16:00),6.2 (06:00),12.9,24 (07:40),18 (07:40),0,0,0,0,0
Puebla de Don Rodrigo,Ciudad Real,20.8 (16:40),0.8 (07:30),10.8,2 (12:30),0 (12:40),0.5,0.1,0.1,0.2,0.1
Puerto Rey,C†ceres,19.4 (15:50),5.2 (09:10),12.3,,,0,0,0,0,0
Herrera del Duque,Badajoz,18.8 (17:20),3.5 (06:40),11.1,10 (07:20),6 (07:20),0.2,0.2,0,0,0
Guadalupe,C†ceres,21.2 (14:50),8.2 (08:10),14.7,10 (15:00),6 (15:10),0,0,0,0,0
Peraleda del Zaucejo,Badajoz,21.7 (15:40),1.8 (06:40),11.8,17 (16:10),11 (16:10),0,0,0,0,0
Valsequillo,C¢rdoba,21.9 (15:40),1.7 (07:10),11.8,14 (16:20),9 (15:50),0,0,0,0,0
Hinojosa del Duque,C¢rdoba,18.8 (16:10),3.5 (06:20),11.1,12 (02:40),9 (02:40),0,0,0,0,0
AlmadÇn,Ciudad Real,24.0 (16:30),8.3 (08:00),16.2,12 (10:20),6 (00:20),0,0,0,0,0
Castuera,Badajoz,19.0 (15:00),7.8 (08:40),13.4,15 (12:50),10 (23:10),0,0,0,0,0
Ca§amero,C†ceres,19.9 (15:20),9.2 (23:59),14.5,24 (09:20),13 (09:10),0,0,0,0,0
Navalvillar de Pela,Badajoz,19.6 (16:50),5.4 (09:00),12.5,20 (12:00),13 (11:50),0,0,0,0,0
Zorita,C†ceres,20.6 (15:30),8.9 (07:00),14.8,18 (14:00),15 (20:20),0,0,0,0,0
Don Benito,Badajoz,20.8 (16:30),6.8 (03:50),13.8,18 (10:10),9 (10:30),0,0,0,0,0
Llerena,Badajoz,22.6 (15:30),11.5 (04:20),17.1,31 (13:50),21 (14:10),0,0,0,0,0
Villafranca de los Barros,Badajoz,23.6 (15:50),6.9 (08:00),15.3,23 (10:40),17 (10:40),0,0,0,0,0
MÇrida,Badajoz,19.3 (15:40),6.3 (08:30),12.8,21 (09:50),14 (09:50),0,0,0,0,0
Alcuescar,C†ceres,19.5 (14:00),9.8 (08:40),14.7,41 (11:50),25 (10:40),0,0,0,0,0
Zafra,Badajoz,24.3 (15:50),5.8 (06:20),15,19 (00:20),14 (00:10),0,0,0,0,0
Almendralejo,Badajoz,20.7 (14:10),7.3 (08:50),14,18 (09:10),15 (05:10),0,0,0,0,0
Badajoz Aeropuerto,Badajoz,19.4 (16:10),4.7 (07:50),12,17 (12:00),12 (11:20),0,0,0,0,0
Alburquerque,Badajoz,20.2 (14:40),3.3 (09:10),11.8,12 (15:20),8 (15:10),0,0,0,0,0
Puebla de Obando,Badajoz,20.9 (14:50),5.9 (08:50),13.4,25 (11:10),15 (11:10),0,0,0,0,0
Badajoz,Badajoz,19.5 (17:00),4.9 (06:20),12.2,13 (12:00),8 (11:00),0,0,0,0,0
Olivenza,Badajoz,,,,,,,0,0,0,
Alconchel,Badajoz,19.1 (16:30),6.4 (09:00),12.8,12 (04:20),9 (22:00),0,0,0,0,0
Barcarrota,Badajoz,22.6 (15:10),5.9 (07:00),14.3,13 (09:20),9 (07:10),0,0,0,0,0
Villanueva del Fresno,Badajoz,20.6 (15:10),7.2 (09:00),13.9,13 (09:50),8 (14:20),0,0,0,0,0
Monesterio,Badajoz,21.7 (15:20),9.3 (23:59),15.5,22 (11:00),14 (10:00),0,0,0,0,0
Fuente de Cantos,Badajoz,23.2 (14:50),12.9 (06:50),18.1,26 (11:40),22 (11:50),0,0,0,0,0
Jerez de los Caballeros,Badajoz,21.1 (17:30),5.2 (07:00),13.2,15 (18:40),12 (04:20),0,0,0,0,0
Fregenal de la Sierra,Badajoz,22.8 (15:00),4.8 (07:10),13.8,17 (12:20),10 (12:20),0,0,0,0,0
Aroche,Huelva,23.9 (15:40),3.6 (08:20),13.7,17 (16:10),10 (16:10),0,0,0,0,0
El Granado,Huelva,20.7 (14:50),5.8 (07:50),13.3,,,0,0,0,0,0
Ayamonte,Huelva,19.5 (14:00),7.5 (08:30),13.5,12 (15:10),7 (03:00),0,0,0,0,0
Cartaya,Huelva,18.2 (14:50),6.1 (07:20),12.2,14 (10:10),8 (10:10),0,0,0,0,0
Alajar,Huelva,22.8 (14:40),10.5 (23:50),16.6,16 (11:10),10 (20:50),0,0,0,0,0
Valverde del Camino,Huelva,22.7 (14:50),8.9 (08:40),15.8,,,0,0,0,0,0
El Cerro de AndÇvalo,Huelva,22.0 (14:30),10.9 (23:50),16.4,,,0,0,0,0,0
"Alosno, Tharsis",Huelva,19.3 (14:00),12.1 (23:30),15.7,25 (16:20),14 (16:20),0,0,0,0,0
El Campillo,Huelva,22.6 (14:30),12.7 (22:10),17.7,26 (07:10),18 (06:40),0,0,0,0,0
Villarrasa,Huelva,21.2 (16:10),7.8 (23:59),14.5,17 (04:20),13 (03:50),0,0,0,0,0
"Huelva, Ronda Este",Huelva,20.0 (15:00),6.5 (09:00),13.3,16 (15:10),10 (15:20),0,0,0,0,0
Ceuta,Ceuta,14.2 (13:30),11.7 (23:59),12.9,24 (10:40),14 (12:00),0,0,0,0,0
Cazorla,JaÇn,22.4 (14:50),12.2 (09:20),17.3,,,0,0,0,0,0
Baza,Granada,23.6 (15:10),-0.9 (07:50),11.4,21 (15:50),14 (15:50),0,0,0,0,0
VÇlez Blanco - Topares,Almer°a,21.4 (15:10),7.4 (07:30),14.4,,,0,0,0,0,0
D¢lar,Granada,20.8 (14:50),8.1 (07:00),14.4,40 (14:20),30 (14:20),0,0,0,0,0
Baeza,JaÇn,24.4 (14:40),7.4 (23:59),15.9,18 (07:50),10 (09:20),0,0,0,0,0
Torres,JaÇn,21.5 (15:40),11.2 (23:59),16.3,,,0,0,0,0,0
Arroyo del Ojanco,JaÇn,23.3 (16:00),5.3 (08:50),14.3,,,0,0,0,0,0
Villanueva del Arzobispo,JaÇn,26.4 (16:50),5.9 (08:30),16.1,19 (19:50),12 (19:50),0,0,0,0,0
Santa Elena,JaÇn,20.1 (14:40),10.8 (08:40),15.5,19 (11:40),10 (12:00),0,0,0,0,0
JaÇn,JaÇn,20.4 (14:50),10.5 (06:50),15.4,27 (07:20),17 (00:10),0,0,0,0,0
Linares,JaÇn,23.0 (14:20),10.3 (07:10),16.7,20 (09:50),12 (07:10),0,0,0,0,0
BailÇn,JaÇn,21.9 (14:50),6.5 (08:40),14.2,10 (17:00),4 (15:00),0,0,0,0,0
And£jar,JaÇn,21.1 (17:00),2.2 (08:30),11.7,12 (15:30),8 (15:40),0,0,0,0,0
Puertollano,Ciudad Real,21.1 (16:50),1.8 (09:20),11.5,11 (12:50),6 (12:30),0,0,0,0,0
Fuencaliente,Ciudad Real,24.5 (16:10),6.7 (04:50),15.6,11 (14:50),7 (14:50),0,0,0,0,0
Carde§a,C¢rdoba,23.7 (13:40),10.6 (22:00),17.2,,,0,0,0,0,0
Montoro,C¢rdoba,22.4 (16:10),2.6 (08:20),12.5,16 (12:40),7 (12:10),0,0,0,0,0
Villanueva de C¢rdoba,C¢rdoba,24.0 (14:40),11.3 (07:30),17.7,25 (01:10),12 (02:10),0,0,0,0,0
"C¢rdoba, Embalse de Guadanu§o",C¢rdoba,22.8 (15:20),6.3 (02:40),14.5,14 (16:40),9 (16:10),0,0,0,0,0
C¢rdoba Aeropuerto,C¢rdoba,21.7 (16:50),4.8 (07:50),13.3,21 (12:20),15 (12:30),0,0,0,0,0
Alcal† La Real,JaÇn,23.9 (15:40),9.8 (23:59),16.8,20 (09:10),14 (02:50),0,0,0,0,0
Priego de C¢rdoba,C¢rdoba,23.5 (13:30),5.7 (06:30),14.6,21 (15:10),14 (15:10),0,0,0,0,0
Do§a Menc°a,C¢rdoba,22.9 (13:20),14.5 (22:30),18.7,20 (15:20),12 (15:30),0,0,0,0,0
"C¢rdoba, Pr†gdena",C¢rdoba,21.5 (17:20),5.9 (07:50),13.7,18 (06:40),13 (05:10),0,0,0,0,0
Espiel,C¢rdoba,23.4 (16:20),1.2 (08:20),12.3,6 (15:30),4 (13:00),0,0,0,0,0
Fuente Palmera,C¢rdoba,21.3 (15:40),7.1 (08:50),14.2,24 (12:00),14 (13:10),0,0,0,0,0
Azuaga,Badajoz,21.5 (16:00),7.1 (08:30),14.3,18 (12:30),11 (12:40),0,0,0,0,0
Granada Base AÇrea,Granada,23.5 (16:00),3.2 (07:30),13.4,17 (21:20),15 (21:30),0,0,0,0,0
V°znar,Granada,22.0 (17:30),13.2 (22:40),17.6,,11 (14:50),0,0,0,0,0
Granada-Cartuja,Granada,25.1 (16:00),7.1 (07:30),16.1,9 (19:30),7 (20:10),0,0,0,0,0
Sierra Nevada 'Radiotelescopio',Granada,9.7 (14:00),4.6 (03:00),7.1,51 (05:00),47 (04:40),,,,,
Granada Aeropuerto,Granada,20.9 (16:50),0.5 (07:20),10.7,13 (18:40),10 (18:40),0,0,0,0,0
Loja,Granada,21.3 (15:00),5.7 (07:10),13.5,25 (08:00),14 (08:00),,,,,
Benamej°,C¢rdoba,22.1 (14:00),8.3 (08:30),15.2,20 (17:00),14 (17:00),0,0,0,0,0
La Roda de Andaluc°a,Sevilla,21.5 (15:10),5.7 (07:50),13.6,34 (12:50),20 (13:10),0,0,0,0,0
Lora de Estepa,Sevilla,21.8 (15:20),10.9 (23:59),16.3,,,0,0,0,0,0
Aguilar de la Frontera,C¢rdoba,23.4 (15:50),7.7 (09:00),15.5,22 (11:50),14 (20:00),0,0,0,0,0
La Rambla,C¢rdoba,24.8 (16:10),6.3 (07:50),15.5,19 (11:50),11 (10:20),0,0,0,0,0
êcija,Sevilla,25.0 (16:00),6.9 (06:00),16,17 (17:00),13 (17:00),0,0,0,0,0
La Puebla de los Infantes,Sevilla,22.2 (15:40),1.5 (08:50),11.9,14 (13:40),9 (13:50),0,0,0,0,0
Fuentes de Andaluc°a,Sevilla,20.7 (16:20),8.7 (05:50),14.7,22 (00:40),15 (00:40),0,0,0,0,0
Carmona,Sevilla,21.2 (15:50),7.6 (08:00),14.4,29 (10:50),19 (11:20),0,0,0,0,0
Cazalla de la Sierra,Sevilla,23.6 (15:40),4.2 (08:10),13.9,20 (13:10),11 (13:10),0,0,0,0,0
Guadalcanal,Sevilla,22.2 (14:40),10.6 (20:10),16.4,22 (13:20),14 (13:20),0,0,0,0,0
AlmadÇn de la Plata,Sevilla,22.7 (15:50),11.1 (22:20),16.9,21 (12:20),10 (12:20),0,0,0,0,0
Cala,Huelva,22.6 (14:50),7.7 (07:50),15.2,14 (11:50),9 (11:50),0,0,0,0,0
Sevilla Aeropuerto,Sevilla,19.5 (15:40),7.7 (08:40),13.6,24 (03:10),17 (04:10),0,0,0,0,0
"Tomares, Zaud°n",Sevilla,20.3 (16:00),11.0 (08:50),15.6,27 (05:20),13 (09:20),0,0,0,0,0
"Sevilla, Tablada",Sevilla,21.1 (15:20),8.7 (23:50),14.9,15 (02:40),7 (08:20),0,0,0,0,0
Mor¢n de la Frontera,Sevilla,19.3 (16:50),5.5 (06:20),12.4,13 (15:20),7 (15:00),0,0,0,0,0
Carri¢n de los CÇspedes,Sevilla,21.5 (16:40),8.2 (06:50),14.8,15 (11:00),8 (11:50),0,0,0,0,0
Almonte,Huelva,22.1 (16:00),5.2 (05:10),13.7,18 (16:10),12 (16:10),0,0,0,0,0
"Moguer, El Arenosillo",Huelva,17.3 (16:50),8.1 (08:10),12.7,20 (06:30),14 (06:20),0,0,0,0,0
Las Cabezas de San Juan,Sevilla,18.6 (17:10),7.1 (09:00),12.9,15 (12:30),9 (12:30),0,0,0,0,0
Chipiona,C†diz,20.5 (14:10),7.2 (08:10),13.8,25 (13:20),15 (13:10),0,0,0,0,0
"Rota, Base Naval",C†diz,20.3 (16:00),8.2 (08:40),14.2,,,0,0,0,0,0
Grazalema,C†diz,23.4 (13:10),9.5 (23:00),16.4,20 (01:10),10 (06:40),0,0,0,0,0
Olvera,C†diz,23.4 (13:50),11.6 (23:59),17.5,26 (14:20),17 (14:10),0,0,0,0,0
El Bosque,C†diz,20.4 (14:20),8.0 (08:10),14.2,15 (23:20),9 (23:20),0,0,0,0,0
San JosÇ del Valle,C†diz,19.6 (16:20),9.2 (07:40),14.4,22 (12:50),13 (13:00),0,0,0,0,0
Jerez de la Frontera Aeropuerto,C†diz,20.2 (15:30),5.4 (08:10),12.8,21 (13:30),15 (13:50),0,0,0,0,0
San Fernando,C†diz,19.1 (14:40),10.9 (08:10),15,32 (11:50),18 (02:40),0,0,0,0,0
C†diz,C†diz,18.9 (15:00),12.4 (23:20),15.6,33 (01:30),28 (01:40),0,0,0,0,0
Medina Sidonia,C†diz,16.9 (14:20),10.3 (07:50),13.6,35 (12:10),27 (15:50),0,0,0,0,0
Vejer de la Frontera,C†diz,17.1 (14:10),10.1 (07:50),13.6,39 (06:40),19 (06:40),0,0,0,0,0
Barbate,C†diz,19.2 (14:20),10.0 (23:59),14.6,28 (12:30),19 (12:30),0,0,0,0,0
Osuna,Sevilla,23.6 (13:30),12.8 (23:59),18.2,42 (07:50),28 (07:40),0,0,0,0,0
Melilla,Melilla,15.1 (13:10),11.8 (07:20),13.5,16 (13:30),10 (15:40),0,0,0,0,0
Tarifa,C†diz,14.5 (14:10),11.8 (06:20),13.2,67 (06:20),45 (01:50),0,0,0,0,0
Ronda Instituto,M†laga,21.9 (16:10),11.1 (23:40),16.5,24 (02:40),10 (03:00),0,0,0,0,0
Cortes de la Frontera,M†laga,13.1 (16:10),8.1 (08:20),10.6,,6 (14:40),0,0,0,0,0
Jimena de la Frontera,C†diz,15.1 (15:00),11.0 (07:40),13.1,22 (12:50),13 (12:50),0,0,0,0,0
Alpandeire,M†laga,21.4 (13:20),10.3 (21:40),15.8,25 (00:40),13 (00:20),0,0,0,0,0
Gauc°n,M†laga,,,,,,,,,,
San Roque,C†diz,15.1 (15:40),12.7 (01:30),13.9,24 (04:50),14 (12:40),0,0,0,0,0
Manilva,M†laga,13.2 (16:00),10.4 (07:20),11.8,24 (12:50),13 (12:50),0,0,0,0,0
Estepona,M†laga,15.5 (14:50),11.6 (06:10),13.6,27 (13:10),15 (13:10),0,0,0,0,0
Benahav°s,M†laga,17.0 (16:00),6.7 (06:30),11.8,11 (13:30),8 (15:10),0,0,0,0,0
"Marbella, Puerto",M†laga,15.9 (16:50),10.4 (09:00),13.1,18 (13:20),13 (13:20),0,0,0,0,0
Marbella,M†laga,17.5 (16:20),12.7 (01:10),15.1,23 (13:40),18 (13:40),0,0,0,0,0
Fuengirola,M†laga,,,,18 (04:40),10 (07:30),0,0,0,0,0
Torremolinos,M†laga,15.9 (15:10),10.0 (23:59),12.9,12 (06:50),6 (15:40),0,0,0,0,0
Antequera,M†laga,19.3 (13:50),6.7 (23:50),13,35 (13:10),15 (12:00),0,0,0,0,0
µlora,M†laga,15.2 (17:00),5.7 (03:30),10.4,18 (14:00),11 (12:50),0,0,0,0,0
Co°n,M†laga,12.6 (15:40),6.7 (03:40),9.7,,,0,0,0,0,0
M†laga Aeropuerto,M†laga,16.1 (15:40),8.2 (23:59),12.2,32 (11:50),14 (06:40),0,0,0,0,0
"M†laga, Centro Meteorol¢gico",M†laga,16.4 (15:40),8.4 (23:59),12.4,16 (12:40),7 (12:40),0,0,0,0,0
"M†laga, Puerto",M†laga,17.2 (15:10),9.8 (09:00),13.5,14 (06:30),8 (08:20),0,0,0,0,0
Rinc¢n de la Victoria,M†laga,19.0 (16:10),11.1 (05:40),15.1,,,0,0,0,0,0
VÇlez-M†laga,M†laga,15.2 (16:20),8.4 (22:20),11.8,,,0,0,0,0,0
Algarrobo,M†laga,16.2 (14:20),9.0 (23:59),12.6,14 (14:40),9 (14:40),0,0,0,0,0
Nerja,M†laga,15.9 (15:50),9.4 (01:30),12.6,15 (13:20),8 (09:20),0,0,0,0,0
Lanjar¢n,Granada,17.4 (13:10),8.0 (08:10),12.7,,,0,0,0,0,0
Salobre§a,Granada,16.2 (15:10),7.5 (22:50),11.9,16 (14:40),10 (07:20),0,0,0,0,0
"Motril, Puerto",Granada,16.0 (15:10),9.5 (23:20),12.8,12 (12:00),9 (12:00),0,0,0,0,0
Castell de Ferro,Granada,13.8 (14:50),7.9 (00:50),10.9,13 (13:10),10 (15:20),0,0,0,0,0
Adra,Almer°a,18.2 (14:40),11.1 (08:10),14.7,10 (02:50),6 (18:20),0,0,0,0,0
V†lor,Granada,23.3 (14:10),15.1 (23:40),19.2,,,0,0,0,0,0
El Ejido,Almer°a,18.8 (15:20),9.8 (23:59),14.3,,,0,0,0,0,0
Roquetas de Mar,Almer°a,15.6 (15:40),7.2 (22:30),11.4,18 (10:20),14 (10:20),0,0,0,0,0
Abla,Almer°a,23.9 (14:00),8.5 (07:10),16.2,21 (14:20),11 (15:50),0,0,0,0,0
L†ujar de Andarax,Almer°a,21.6 (14:00),13.4 (00:40),17.5,26 (14:30),12 (14:30),0,0,0,0,0
Almer°a Aeropuerto,Almer°a,15.7 (14:30),8.9 (07:50),12.3,22 (09:30),17 (09:30),0,0,0,0,0
Cabo de Gata,Almer°a,14.5 (15:10),11.5 (00:00),13,34 (12:10),23 (12:10),0,0,0,0,0
Carboneras,Almer°a,14.0 (13:30),9.4 (22:50),11.7,25 (07:30),16 (06:10),0,0,0,0,0
"Garrucha, Puerto",Almer°a,15.6 (11:50),7.0 (08:50),11.3,19 (16:20),15 (16:30),0,0,0,0,0
Albox,Almer°a,23.4 (14:40),9.4 (07:50),16.4,17 (00:20),14 (00:20),0,0,0,0,0
HuÇrcal-Overa,Almer°a,19.3 (11:40),4.7 (08:20),12,16 (14:10),9 (14:50),0,0,0,0,0
Fuente de Piedra,M†laga,21.0 (15:10),4.6 (23:40),12.8,37 (12:40),25 (12:40),0,0,0,0,0
µguilas,Murcia,15.9 (14:40),9.2 (01:10),12.5,13 (14:10),8 (15:30),0,0,0,0,0
Mazarr¢n,Murcia,16.8 (14:40),7.8 (08:40),12.3,13 (12:20),8 (04:50),0.2,0.2,0,0,0
Cartagena,Murcia,15.4 (14:10),6.8 (23:50),11.1,25 (16:30),17 (16:40),0.4,0.2,0.2,0,0
San Javier (La Manga),Murcia,14.7 (16:00),10.5 (02:50),12.6,19 (17:10),10 (17:10),0,0,0,0,0
Fuente µlamo de Murcia,Murcia,18.3 (15:50),3.0 (08:30),10.6,,,0,0,0,0,0
Torre-Pacheco,Murcia,16.6 (15:20),5.7 (02:20),11.2,14 (16:10),8 (16:20),0.2,0,0.2,0,0
San Javier Aeropuerto,Murcia,15.0 (17:10),6.2 (00:20),10.6,15 (12:20),12 (23:20),0,0,0,0,0
"Yeste, Embalse Fuensanta",Albacete,21.9 (16:00),2.4 (08:20),12.1,,,0,0,0,0,0
Nerpio,Albacete,19.9 (12:20),1.2 (08:20),10.5,,,0,0,0,0,0
Yeste,Albacete,22.7 (15:20),7.7 (07:40),15.2,,,0,0,0,0,0
Moratalla,Murcia,17.6 (11:40),9.9 (01:10),13.8,,,0,0,0,0,0
Hell°n,Albacete,22.3 (15:30),6.9 (09:00),14.6,16 (06:20),12 (00:10),0,0,0,0,0
Tobarra,Albacete,23.2 (16:00),4.7 (08:50),14,,,0,0,0,0,0
Caravaca de La Cruz,Murcia,,,,,,,,,,
Calasparra,Murcia,22.3 (16:10),3.7 (08:20),13,11 (23:20),9 (23:20),0,0,0,0,0
Bullas,Murcia,22.1 (15:00),9.8 (07:40),16,,,0,0,0,0,0
Jumilla,Murcia,23.2 (15:00),-0.4 (08:30),11.4,21 (16:00),13 (15:40),0,0,0,0,0
Cieza,Murcia,23.3 (16:20),3.1 (08:30),13.2,23 (10:20),16 (10:30),0,0,0,0,0
Archena,Murcia,23.2 (15:40),5.2 (06:50),14.2,,,0,0,0,0,0
Mula,Murcia,22.2 (15:10),4.3 (07:40),13.3,18 (00:50),13 (01:20),0,0,0,0,0
Murcia,Murcia,23.5 (16:10),2.9 (08:40),13.2,14 (17:50),10 (17:50),0,0,0,0,0
"Caravaca de La Cruz, Los Royos",Murcia,22.5 (15:00),4.2 (08:20),13.3,,,0,0,0,0,0
"Lorca, Zarcilla de Ramos",Murcia,24.8 (15:20),4.4 (07:30),14.6,13 (15:40),9 (16:10),0,0,0,0,0
Lorca,Murcia,23.0 (15:20),3.4 (08:10),13.2,6 (13:00),3 (17:10),0,0,0,0,0
Puerto Lumbreras,Murcia,22.3 (14:50),8.3 (08:30),15.3,,,0,0,0,0,0
Totana,Murcia,21.5 (16:00),7.7 (08:10),14.6,9 (16:30),4 (00:10),0,0,0,0,0
Alhama de Murcia,Murcia,21.2 (15:20),3.1 (08:40),12.2,18 (16:00),10 (19:30),0,0,0,0,0
Molina de Segura,Murcia,22.9 (15:20),3.7 (07:00),13.3,14 (17:20),10 (16:50),0,0,0,0,0
Orihuela,Alacant/Alicante,19.2 (16:20),4.0 (09:00),11.6,18 (16:50),11 (16:50),0,0,0,0,0
Pinoso,Alacant/Alicante,24.4 (15:10),0.9 (08:30),12.6,22 (15:10),8 (15:30),0,0,0,0,0
Abanilla,Murcia,21.8 (15:50),2.4 (07:10),12.1,,,0,0,0,0,0
Rojales,Alacant/Alicante,16.9 (15:00),7.5 (09:40),12.2,18 (15:30),12 (16:00),0.2,0.2,0,0,0
Yecla,Murcia,26.7 (15:30),0.9 (08:30),13.8,19 (18:50),15 (18:50),0,0,0,0,0
Fontanars dels Alforins,Valäncia/Valencia,23.6 (15:40),0.6 (08:40),12.1,,,0,0,0,0,0
Villena,Alacant/Alicante,24.5 (15:20),-2.7 (08:30),10.9,19 (16:40),14 (16:40),0,0,0,0,0
Novelda,Alacant/Alicante,22.1 (13:30),5.0 (08:50),13.6,,,0,0,0,0,0
Elche/Elx,Alacant/Alicante,19.2 (15:20),3.1 (08:30),11.2,,,0,0,0,0,0
Alicante-Elche Aeropuerto,Alacant/Alicante,16.5 (14:30),5.3 (02:00),10.9,17 (12:10),10 (12:40),0,0,0,0,0
Alicante/Alacant,Alacant/Alicante,17.5 (14:50),7.1 (01:50),12.3,15 (15:00),9 (15:00),0,0,0,0,0
Benidorm,Alacant/Alicante,15.4 (15:30),7.5 (06:10),11.4,20 (14:10),12 (13:30),0.2,0,0.2,0,0
J†vea/ XÖbia,Alacant/Alicante,18.6 (13:50),3.8 (07:50),11.2,30 (17:40),19 (18:30),0.2,0.2,0,0,0
Pego,Alacant/Alicante,20.7 (15:00),5.7 (08:50),13.2,9 (18:40),5 (18:50),0,0,0,0,0
Miramar,Valäncia/Valencia,16.9 (16:20),5.8 (08:40),11.3,13 (19:10),8 (05:40),0,0,0,0,0
Alcoy/Alcoi,Alacant/Alicante,24.2 (14:40),9.1 (07:30),16.7,22 (22:00),17 (22:00),0,0,0,0,0
Barx,Valäncia/Valencia,23.0 (15:00),5.1 (03:20),14,13 (08:10),8 (08:10),0,0,0,0,0
Cuenca,Cuenca,23.2 (15:50),1.8 (08:40),12.5,8 (19:30),4 (05:30),0,0,0,0,0
Motilla del Palancar,Cuenca,21.6 (13:30),4.0 (08:00),12.8,13 (14:20),9 (06:20),0,0,0,0,0
Albacete Base AÇrea,Albacete,19.2 (16:40),-0.5 (08:50),9.4,16 (21:10),12 (19:30),0,0,0,0,0
Chinchilla,Albacete,23.4 (15:50),9.5 (04:50),16.4,17 (21:00),13 (21:00),0,0,0,0,0
Albacete,Albacete,19.8 (16:40),1.0 (08:20),10.4,10 (22:50),4 (15:40),0,0,0,0,0
Alcal† del J£car,Albacete,19.1 (15:40),0.5 (08:40),9.8,11 (10:30),7 (08:00),0,0,0,0,0
Jalance,Valäncia/Valencia,19.7 (15:30),-1.9 (08:30),8.9,7 (13:50),4 (11:40),0,0,0,0,0
Almansa,Albacete,24.6 (16:00),0.3 (08:30),12.5,11 (18:20),5 (18:20),0,0,0,0,0
Zarra,Valäncia/Valencia,,,,,,,,,,
Salvaca§ete,Cuenca,21.5 (15:10),-3.5 (06:40),9,17 (14:30),9 (15:00),0,0,0,0,0
Mira,Cuenca,25.5 (15:10),-3.4 (07:40),11,,,0,0,0,0,0
Bicorp,Valäncia/Valencia,25.1 (14:50),5.4 (06:40),15.3,12 (18:40),9 (18:40),0,0,0,0,0
Ontinyent,Valäncia/Valencia,23.0 (14:00),4.7 (05:50),13.8,12 (14:20),6 (14:20),0,0,0,0,0
XÖtiva,Valäncia/Valencia,23.0 (14:50),3.9 (08:30),13.5,14 (17:10),9 (16:10),0,0,0,0,0
Carcaixent,Valäncia/Valencia,21.8 (15:10),2.4 (04:30),12.1,15 (10:50),9 (08:20),0,0,0,0,0
Utiel,Valäncia/Valencia,23.2 (15:50),2.7 (07:20),13,15 (00:20),13 (00:30),0,0,0,0,0
PolinyÖ de X£quer,Valäncia/Valencia,16.8 (15:30),3.0 (05:50),9.9,13 (14:40),7 (14:40),0,0,0,0,0
Tur°s,Valäncia/Valencia,22.0 (13:40),3.3 (04:50),12.6,,,0,0,0,0,0
Albarrac°n,Teruel,21.6 (16:00),0.2 (06:50),10.9,25 (07:50),13 (10:40),0,0,0,0,0
Teruel,Teruel,20.6 (16:10),-2.6 (07:50),9,8 (23:30),6 (23:30),0,0,0,0,0
Jabaloyas,Teruel,19.0 (14:10),12.6 (00:30),15.8,26 (23:30),15 (02:30),0,0,0,0,0
Ademuz,Valäncia/Valencia,18.9 (15:50),-3.5 (08:40),7.7,,,0.2,0,0.2,0,0
Chelva,Valäncia/Valencia,26.0 (15:20),7.7 (06:40),16.8,24 (08:50),13 (08:40),0,0,0,0,0
Lliria,Valäncia/Valencia,23.6 (13:50),5.0 (05:30),14.3,17 (08:00),13 (08:00),0,0,0,0,0
Valencia Aeropuerto,Valäncia/Valencia,18.1 (14:10),4.4 (04:30),11.3,17 (16:20),12 (15:00),0,0,0,0,0
"Valäncia, Viveros",Valäncia/Valencia,17.8 (16:00),6.5 (06:30),12.1,14 (14:50),9 (14:50),0,0,0,0,0
Segorbe,Castell¢/Castell¢n,23.6 (14:10),4.9 (06:40),14.3,17 (20:30),13 (19:40),0,0,0,0,0
Sagunto,Valäncia/Valencia,18.6 (14:20),2.3 (08:10),10.5,,,0,0,0,0,0
Cedrillas,Teruel,19.6 (14:40),0.6 (07:10),10.1,23 (15:00),16 (14:50),0,0,0,0,0
Montanejos,Castell¢/Castell¢n,,,,,,,,,,
Mosqueruela,Teruel,19.4 (15:10),8.5 (06:10),13.9,28 (09:20),23 (08:30),0,0,0,0,0
Villafranca del Cid/Vilafranca,Castell¢/Castell¢n,22.4 (13:10),5.6 (23:59),14,18 (15:00),13 (10:00),0,0,0,0,0
Atzeneta del Maestrat,Castell¢/Castell¢n,25.2 (14:50),3.1 (07:10),14.2,12 (15:40),9 (15:40),0,0,0,0,0
Castell¢n - Almassora,Castell¢/Castell¢n,16.9 (14:40),5.3 (07:20),11.1,13 (15:00),8 (00:50),0,0,0,0,0
Torreblanca,Castell¢/Castell¢n,16.1 (14:30),5.2 (08:30),10.7,18 (00:30),13 (00:40),0,0,0,0,0
La Pobla de BenifassÖ-Fredes,Castell¢/Castell¢n,19.0 (14:30),11.2 (20:30),15.1,27 (10:30),17 (10:10),0,0,0,0,0
Reinosa,Cantabria,17.1 (13:50),6.4 (09:00),11.8,42 (02:20),26 (04:50),0,0,0,0,0
Alto Campoo,Cantabria,9.7 (13:20),7.7 (00:20),8.7,84 (23:00),44 (01:50),0.1,0,0.1,0,0
Santa Gadea de Alfoz,Burgos,14.9 (14:20),7.6 (07:20),11.2,,,0,0,0,0,0
"Valderredible, Cubillo de Ebro",Cantabria,15.9 (13:40),1.3 (08:50),8.6,23 (14:00),17 (14:00),0,0,0,0,0
"Valderredible, Polientes",Cantabria,16.1 (14:30),-0.1 (08:30),8,21 (17:40),12 (17:30),0,0,0,0,0
Sargentes de la Lora,Burgos,13.6 (15:20),4.1 (08:50),8.9,29 (13:30),21 (13:10),0,0,0,0,0
Briviesca,Burgos,16.1 (14:50),1.8 (07:50),9,17 (23:20),11 (15:30),0,0,0,0,0
Medina de Pomar,Burgos,17.9 (15:10),2.8 (07:10),10.3,18 (12:00),12 (12:00),0,0,0,0,0
Lalastra,Araba/µlava,16.1 (15:20),8.0 (07:10),12.1,41 (00:40),23 (01:00),0,0,0,0,0
Miranda de Ebro,Burgos,17.0 (15:10),2.5 (09:00),9.8,26 (01:10),16 (01:10),0,0,0,0,0
Agurain/Salvatierra,Araba/µlava,19.1 (14:50),6.2 (03:10),12.7,26 (18:40),16 (01:10),0,0,0,0,0
Vitoria Gasteiz Aeropuerto,Araba/µlava,17.0 (15:00),2.4 (09:00),9.7,33 (22:10),23 (22:20),0,0,0,0,0
Belorado,Burgos,15.6 (14:50),3.8 (07:30),9.7,16 (11:50),11 (11:50),0,0,0,0,0
Valdezcaray,La Rioja,13.6 (12:50),6.5 (07:20),10.1,65 (19:30),42 (01:30),0,0,0,0,0
Haro,La Rioja,13.1 (16:20),2.6 (08:40),7.9,,,0,0,0,0,0
Labastida,Araba/µlava,,,,,,,,,,
"Anguiano, Valvanera",La Rioja,17.1 (14:40),3.4 (08:30),10.3,,,0,0,0,0,0
N†jera,La Rioja,13.0 (15:30),-0.1 (08:40),6.4,12 (15:40),6 (15:40),0,0,0,0,0
Leza,Araba/µlava,12.5 (16:00),2.1 (08:50),7.3,,,0,0,0,0,0
Cenicero,La Rioja,10.8 (15:50),2.9 (09:50),6.9,13 (16:00),7 (16:00),0,0,0,0,0
"Logro§o, Aeropuerto",La Rioja,7.2 (15:50),3.2 (00:20),5.2,13 (16:50),8 (16:40),0,0,0,0,0
Los Arcos,Navarra,9.0 (16:10),1.9 (09:00),5.4,9 (15:30),5 (04:30),0.2,0,0,0,0.2
Campezo/Kanpezu,Araba/µlava,13.4 (16:20),-0.3 (09:10),6.5,,,0,0,0,0,0
Enciso,La Rioja,19.3 (14:40),2.9 (06:10),11.1,38 (09:40),26 (10:10),0,0,0,0,0
Ast£n- La Raca,Huesca,8.7 (15:40),4.4 (06:40),6.5,45 (01:00),35 (01:00),0,0,0,0,0
Canfranc,Huesca,10.1 (14:40),1.3 (07:50),5.7,6 (14:40),2 (04:40),0,0,0,0,0
Jaca,Huesca,19.7 (15:30),3.9 (08:20),11.8,24 (23:59),13 (19:30),0,0,0,0,0
"Valle de Hecho, Hecho",Huesca,18.1 (14:50),-0.2 (09:10),9,11 (16:40),5 (16:50),0,0,0,0,0
AragÅÇs del Puerto,Huesca,19.7 (15:40),9.9 (08:40),14.8,28 (07:20),21 (19:10),0,0,0,0,0
"Bailo, Puyalto",Huesca,17.4 (16:10),3.4 (08:50),10.4,19 (03:50),12 (03:50),0,0,0,0,0
Isaba/Izaba,Navarra,15.5 (15:00),-1.7 (08:10),6.9,10 (23:20),6 (19:20),0,0,0,0,0
Oroz-Betelu/Orotz-Betelu,Navarra,14.9 (15:20),-1.4 (06:10),6.7,9 (14:00),5 (14:00),0,0,0,0,0
Roncesvalles/Orreaga,Navarra,17.2 (14:20),5.9 (06:00),11.6,22 (13:50),11 (13:30),0,0,0,0,0
NavascuÇs/Nabaskoze,Navarra,14.6 (15:30),-2.3 (08:00),6.2,,,0.2,0,0.2,0,0
Sos del Rey Cat¢lico,Zaragoza,14.7 (15:30),2.5 (07:20),8.6,10 (17:20),6 (09:00),0,0,0,0,0
C†seda,Navarra,12.4 (15:20),-0.2 (07:50),6.1,10 (04:00),8 (04:00),0,0,0,0,0
Olite/Erriberri,Navarra,7.1 (16:10),-0.3 (05:40),3.4,11 (21:50),7 (01:20),0,0,0,0,0
"Esteribar, Embalse de Eugi",Navarra,11.7 (13:00),1.1 (05:10),6.4,,,0,0,0,0,0
Monreal/Elo,Navarra,15.0 (14:40),2.1 (06:20),8.5,24 (21:40),18 (07:10),0,0,0,0,0
"Pamplona, Aeropuerto",Navarra,14.4 (17:00),0.6 (09:10),7.5,13 (04:10),10 (19:30),0,0,0,0,0
"Aranguren, Ilundain",Navarra,14.6 (16:50),2.1 (09:20),8.4,12 (20:50),6 (04:50),0,0,0,0,0
Irurtzun,Navarra,16.3 (15:20),4.3 (09:30),10.3,21 (07:00),13 (07:00),0,0,0,0,0
Larraga,Navarra,6.5 (15:20),2.9 (00:00),4.7,7 (17:50),5 (21:00),0.6,0.2,0.2,0,0.2
San Pedro Manrique,Soria,19.4 (14:30),0.9 (09:10),10.1,32 (05:20),17 (05:20),0,0,0,0,0
"Alfaro, La Plana",La Rioja,6.3 (14:40),2.3 (04:40),4.3,10 (01:40),7 (01:40),0.2,0,0.2,0,0
"Bardenas Reales, Base AÇrea",Navarra,6.2 (16:20),2.8 (01:50),4.5,13 (22:20),10 (22:30),0.2,0,0.2,0,0
Tarazona,Zaragoza,10.6 (16:20),-0.9 (07:50),4.9,12 (01:20),7 (03:50),0,0,0,0,0
Monteagudo,Navarra,6.7 (15:50),-0.3 (08:40),3.2,,,0,0,0,0,0
Tudela,Navarra,6.2 (16:20),3.1 (06:10),4.6,11 (06:00),6 (06:40),0.4,0.2,0,0,0.2
Ejea de los Caballeros,Zaragoza,7.3 (15:50),1.7 (07:00),4.5,10 (22:40),5 (22:40),0,0,0,0,0
Castejon de Valdejasa,Zaragoza,14.8 (14:50),-0.6 (09:10),7.1,25 (01:10),19 (01:10),0,0,0,0,0
Arcos de Jal¢n,Soria,16.7 (16:50),-0.3 (06:10),8.2,23 (22:10),18 (22:10),0,0,0,0,0
Almazul,Soria,18.4 (16:00),-0.2 (08:50),9.1,16 (08:40),13 (08:50),0,0,0,0,0
Alhama de Aragon,Zaragoza,16.0 (16:20),-3.1 (09:00),6.5,,,0,0,0,0,0
Santa Eulalia del Campo,Teruel,20.3 (15:50),-1.7 (08:50),9.3,14 (20:30),10 (07:30),0,0,0,0,0
El Pedregal,Guadalajara,22.2 (15:20),3.3 (01:20),12.8,25 (23:00),18 (23:00),0,0,0,0,0
Calamocha,Teruel,17.8 (16:20),-2.3 (07:40),7.7,18 (11:50),13 (23:40),0,0,0,0,0
Daroca,Zaragoza,19.5 (15:10),-2.2 (08:20),8.6,10 (13:50),5 (13:50),0,0,0,0,0
Calatayud,Zaragoza,14.9 (16:00),-2.0 (08:50),6.4,8 (04:40),5 (17:30),0,0,0,0,0
La Almunia de Do§a Godina,Zaragoza,12.6 (15:10),-1.8 (08:20),5.4,12 (15:40),8 (15:40),0,0,0,0,0
"Zaragoza, Aeropuerto",Zaragoza,5.8 (16:00),3.2 (08:50),4.5,20 (18:10),13 (09:00),0.2,0.2,0,0,0
"Zaragoza, Valdespartera",Zaragoza,5.9 (15:20),2.6 (09:20),4.3,53 (11:50),11 (09:10),0,0,0,0,0
Fonfr°a,Teruel,19.0 (15:10),7.2 (01:50),13.1,29 (08:20),21 (00:50),0,0,0,0,0
"Formigal, Sarrios",Huesca,11.3 (23:59),5.0 (08:50),8.2,,,0,0,0,0,0
"Panticosa, Petrosos",Huesca,13.8 (14:10),9.0 (10:00),11.4,37 (01:10),30 (02:20),0,0,0,0,0
"Biescas, Embalse de B£bal",Huesca,12.5 (14:10),0.7 (08:20),6.6,6 (21:40),3 (22:20),0,0,0,0,0
Sabi§†nigo,Huesca,18.8 (14:40),-1.5 (08:50),8.6,11 (09:10),6 (11:00),0,0,0,0,0
AlmudÇvar,Huesca,14.5 (15:40),0.7 (08:30),7.6,15 (14:10),9 (22:40),0.4,0.2,0.2,0,0
Leci§ena,Zaragoza,14.5 (13:40),-0.5 (08:00),7,14 (09:30),7 (15:50),0,0,0,0,0
Valmadrid,Zaragoza,17.1 (12:10),3.6 (03:40),10.4,19 (08:50),14 (08:50),0,0,0,0,0
Quinto,Zaragoza,5.7 (16:00),3.5 (08:20),4.6,12 (11:10),8 (09:40),0.2,0.2,0,0,0
Muniesa,Teruel,21.5 (15:00),4.8 (06:20),13.2,17 (23:10),13 (23:10),0,0,0,0,0
Montalb†n,Teruel,22.9 (15:40),2.2 (05:00),12.5,14 (14:50),6 (14:20),0,0,0,0,0
Hijar,Teruel,8.4 (15:50),-0.9 (08:40),3.7,9 (16:40),6 (16:50),0,0,0,0,0
"Andorra, Horcallana",Teruel,19.0 (12:30),9.9 (07:40),14.4,28 (07:50),23 (07:50),0,0,0,0,0
Castellote,Teruel,21.6 (14:30),8.2 (07:10),14.9,14 (23:30),12 (23:20),0,0,0,0,0
Morella,Castell¢/Castell¢n,20.3 (14:40),10.7 (08:20),15.5,18 (13:00),11 (13:00),0,0,0,0,0
Castellfort,Castell¢/Castell¢n,20.5 (14:50),12.2 (05:30),16.3,,,0,0,0,0,0
Calanda,Teruel,15.4 (14:40),3.2 (00:20),9.3,20 (22:00),15 (22:30),0,0,0,0,0
Alca§iz,Teruel,13.8 (13:50),-1.9 (08:30),6,10 (13:00),8 (15:20),0,0,0,0,0
"Caspe, Plana del Pil¢n",Zaragoza,5.3 (00:00),2.5 (09:50),3.9,14 (13:30),8 (09:10),0,0,0,0,0
La Molina,Girona,10.0 (05:40),4.6 (08:50),7.3,22 (05:30),13 (05:30),0,0,0,0,0
Martinet,Lleida,16.2 (15:00),-4.5 (09:00),5.9,15 (14:10),8 (14:10),0,0,0,0,0
La Seu d'Urgell,Lleida,16.7 (15:30),-3.8 (08:40),6.5,7 (13:50),3 (14:50),0,0,0,0,0
Tuixent,Lleida,18.5 (14:10),3.4 (09:10),11,10 (14:30),7 (14:40),0,0,0,0,0
Coll de Narg¢,Lleida,19.9 (15:20),-1.1 (09:20),9.4,13 (10:20),9 (00:30),0,0,0,0,0
TorÖ,Lleida,13.3 (14:40),-2.3 (08:40),5.5,,,0,0,0,0,0
Artesa de Segre,Lleida,12.6 (14:30),-2.5 (08:00),5.1,,,0,0,0,0,0
Esterri d'∑neu,Lleida,15.0 (15:10),-3.3 (09:00),5.9,6 (16:00),3 (15:20),0,0,0,0,0
Port AinÇ,Lleida,9.2 (14:20),4.5 (07:20),6.8,42 (05:20),36 (04:30),,,,,
Talarn,Lleida,15.7 (15:30),5.0 (08:20),10.3,12 (18:30),9 (18:30),0,0,0,0,0
Llimiana,Lleida,15.8 (15:50),-1.7 (08:40),7.1,8 (15:50),5 (15:50),0,0,0,0,0
Tordera - Granyanella,Lleida,11.8 (15:00),2.0 (08:10),6.9,17 (01:10),15 (00:50),,,,,
Os de Balaguer,Lleida,12.5 (13:10),2.4 (22:30),7.5,20 (04:40),16 (04:40),0,0,0,0,0
Llorac,Tarragona,15.9 (15:00),-2.7 (08:30),6.6,27 (13:40),20 (13:30),0,0,0,0,0
Mollerussa,Lleida,,,,,,,,,,
Vall de Bo°,Lleida,16.7 (14:20),-2.0 (08:30),7.4,12 (14:00),4 (04:20),0,0,0,0,0
Sopeira,Huesca,16.5 (15:50),3.3 (09:00),9.9,59 (06:40),44 (02:10),0,0,0,0,0
Benabarre,Huesca,16.8 (14:30),4.7 (08:30),10.7,25 (13:50),19 (13:40),0,0,0,0,0
Lleida,Lleida,4.8 (15:50),2.0 (23:30),3.4,12 (21:50),8 (21:00),0,0,0,0,0
La Pobla de CÇrvoles,Lleida,19.2 (13:20),4.0 (07:00),11.6,,,0,0,0,0,0
El SolerÖs,Lleida,8.8 (15:10),-0.5 (07:50),4.2,,,0,0,0,0,0
Bielsa,Huesca,12.4 (13:20),1.1 (06:00),6.7,19 (23:20),10 (14:00),0,0,0,0,0
"A°nsa-Sobrarbe, La Serreta",Huesca,17.2 (15:40),2.1 (08:30),9.7,18 (20:30),13 (20:40),0,0,0,0,0
"Torla-Ordesa, El Cebollar",Huesca,15.0 (13:40),8.1 (08:40),11.6,19 (23:50),12 (11:50),0,0,0,0,0
Torla - Ordesa,Huesca,18.8 (14:20),6.9 (23:59),12.8,22 (17:20),14 (17:10),0,0,0,0,0
Benasque,Huesca,17.5 (15:30),-1.6 (09:00),7.9,13 (15:50),8 (16:10),0,0,0,0,0
"Cerler, Cogulla",Huesca,10.2 (13:10),5.0 (01:20),7.6,39 (22:30),19 (22:30),0,0,0,0,0
Seira,Huesca,13.8 (14:40),2.3 (08:30),8.1,9 (23:00),4 (22:50),0,0,0,0,0
"Capella, Laguarres",Huesca,18.0 (16:10),0.7 (08:30),9.3,13 (07:40),8 (13:30),0,0,0,0,0
Barbastro,Huesca,10.7 (14:20),-1.6 (08:30),4.5,14 (14:10),8 (14:10),0,0,0,0,0
Sari§ena,Huesca,6.7 (14:40),2.1 (09:30),4.4,14 (15:50),9 (15:50),0.2,0.2,0,0,0
"Huesca, Aeropuerto",Huesca,14.7 (14:40),5.8 (02:00),10.3,14 (13:30),9 (06:00),0,0,0,0,0
Huesca,Huesca,15.8 (15:00),2.8 (08:00),9.3,,,0,0,0,0,0
Lanaja,Huesca,12.2 (15:20),0.9 (06:00),6.5,13 (11:20),9 (05:20),0,0,0,0,0
Ballobar,Huesca,5.8 (16:40),2.6 (09:30),4.2,13 (18:20),9 (18:20),0,0,0,0,0
"Tamarite de Litera, La Melusa",Huesca,4.7 (15:10),2.3 (07:20),3.5,9 (11:30),7 (05:50),0,0,0,0,0
Fraga,Huesca,5.6 (15:40),3.2 (09:00),4.4,9 (06:50),6 (21:10),0.4,0.2,0,0,0.2
Valderrobres,Teruel,18.7 (14:40),-1.3 (08:20),8.7,13 (15:10),10 (15:20),0,0,0,0,0
Horta de Sant Joan,Tarragona,16.5 (14:40),4.8 (05:30),10.7,,,0,0,0,0,0
La Pobla de Massaluca,Tarragona,8.7 (15:40),0.2 (08:10),4.4,11 (12:10),8 (08:10),0.2,0,0.2,0,0
CabacÇs,Tarragona,16.6 (16:10),2.0 (09:20),9.3,10 (14:50),4 (14:40),0,0,0,0,0
Rasquera,Tarragona,14.3 (16:10),2.7 (23:59),8.5,15 (09:20),10 (13:20),0.2,0.2,0,0,0
Estaci¢n de Tortosa (Roquetes),Tarragona,19.5 (15:10),5.0 (06:50),12.3,39 (11:30),20 (11:10),0,0,0,0,0
Cap de Vaquäira,Lleida,11.7 (14:50),6.7 (00:10),9.2,28 (03:30),21 (01:30),,,,,
"Naut Aran, Arties",Lleida,10.2 (00:50),3.5 (10:40),6.8,26 (02:10),10 (06:20),0,0,0,0,0
Bossïst,Lleida,17.7 (13:50),1.9 (04:00),9.8,22 (16:30),17 (23:40),0,0,0,0,0
Valcarlos/Luzaide,Navarra,23.1 (14:10),11.3 (03:50),17.2,34 (22:40),16 (13:30),0,0,0,0,0
Bello,Teruel,19.4 (15:30),-3.3 (08:20),8,17 (19:00),14 (19:00),0,0,0,0,0
"Escorca, Lluc",Illes Balears,19.6 (13:10),1.6 (08:10),10.6,,,0,0,0,0,0
"S¢ller, Puerto",Illes Balears,16.0 (16:00),9.2 (23:20),12.6,26 (12:50),19 (12:50),0,0,0,0,0
Banyalbufar,Illes Balears,15.5 (15:20),9.6 (00:00),12.6,19 (12:30),12 (12:30),0,0,0,0,0
Andratx - Sant Elm,Illes Balears,13.2 (14:10),8.9 (00:40),11,10 (16:00),5 (16:00),0,0,0,0,0
"CalviÖ, Es CapdellÖ",Illes Balears,13.9 (15:00),9.2 (03:30),11.5,14 (13:20),9 (13:20),0,0,0,0,0
"Palma, Puerto",Illes Balears,15.3 (15:20),9.8 (07:50),12.6,24 (14:10),11 (14:00),0,0,0,0,0
"Palma, Universitat",Illes Balears,15.5 (14:00),7.3 (19:20),11.4,9 (16:50),6 (16:50),0.2,0,0,0.2,0
"Sierra de Alfabia, Bunyola",Illes Balears,19.8 (05:40),13.5 (01:50),16.6,32 (15:10),26 (15:20),0,0,0,0,0
"Son Bonet, Aeropuerto",Illes Balears,14.5 (15:30),9.6 (07:50),12.1,18 (16:00),14 (15:40),0,0,0,0,0
"Palma de Mallorca, Aeropuerto",Illes Balears,14.7 (15:40),10.6 (08:30),12.7,26 (13:50),20 (15:40),0,0,0,0,0
"Llucmajor, Cap Blanc",Illes Balears,13.6 (15:20),10.9 (04:10),12.3,24 (19:20),14 (21:00),0,0,0,0,0
Llucmajor,Illes Balears,13.2 (15:40),10.0 (02:10),11.6,,,0,0,0,0,0
Porreres,Illes Balears,14.3 (16:20),8.8 (00:10),11.6,22 (14:40),14 (14:20),0.2,0.2,0,0,0
"Campos, Can Sion",Illes Balears,13.8 (12:30),10.2 (00:10),12,21 (13:10),12 (15:50),0.2,0.2,0,0,0
"Campos, Salines Llevant",Illes Balears,14.3 (12:50),11.2 (01:00),12.8,23 (13:10),15 (18:10),0,0,0,0,0
Santany°,Illes Balears,13.9 (15:20),10.5 (00:00),12.2,25 (22:50),15 (14:50),0,0,0,0,0
Portocolom,Illes Balears,14.5 (14:00),9.5 (02:20),12,35 (17:40),21 (17:40),0.2,0,0.2,0,0
Son Servera,Illes Balears,16.9 (15:20),7.9 (05:20),12.4,23 (20:10),14 (20:30),0.2,0.2,0,0,0
ArtÖ,Illes Balears,15.7 (15:10),7.6 (05:10),11.6,,,0.4,0.2,0.2,0,0
Capdepera,Illes Balears,15.5 (15:30),10.3 (10:20),12.9,20 (22:00),15 (20:00),0.2,0.1,0.1,0,0
ArtÖ-Colïnia de Sant Pere,Illes Balears,,,,,,,0.2,0,0,
"Muro, S'Albufera",Illes Balears,15.8 (15:00),9.6 (07:30),12.7,21 (14:30),12 (14:00),0.2,0.2,0,0,0
Manacor,Illes Balears,13.8 (15:10),8.9 (01:20),11.3,32 (21:30),21 (21:40),0,0,0,0,0
Sineu,Illes Balears,13.7 (14:20),9.8 (03:40),11.8,23 (17:50),13 (14:30),0.2,0.2,0,0,0
Santa Mar°a del Cam°,Illes Balears,13.9 (15:50),9.2 (05:20),11.5,24 (21:50),13 (13:50),0.2,0.2,0,0,0
Binissalem,Illes Balears,13.8 (14:20),8.8 (07:10),11.3,26 (22:00),18 (15:40),0,0,0,0,0
"Escorca, Son Torrella",Illes Balears,13.3 (13:50),1.4 (06:50),7.4,,,0,0,0,0,0
Sa Pobla,Illes Balears,15.2 (14:40),9.0 (07:40),12.1,24 (15:20),13 (14:20),0.2,0.2,0,0,0
Pollenáa,Illes Balears,16.2 (15:40),8.2 (20:10),12.2,10 (05:10),6 (05:10),0,0,0,0,0
Port de Pollenáa,Illes Balears,17.6 (16:20),9.3 (08:50),13.5,15 (08:20),10 (08:20),0.2,0.2,0,0,0
"La Mola, Ma¢",Illes Balears,,,,,,,,,,
Es Mercadal,Illes Balears,12.8 (23:50),10.2 (05:50),11.5,25 (13:00),17 (15:10),0,0,0,0,0
Ciutadella,Illes Balears,13.2 (21:30),10.6 (18:40),11.9,,,0,0,0,0,0
"Menorca, Aeropuerto",Illes Balears,12.8 (16:30),11.0 (08:10),11.9,30 (22:00),20 (22:00),0,0,0,0,0
Sant Joan de Labritja,Illes Balears,16.6 (14:40),7.7 (05:30),12.2,,,0.2,0.2,0,0,0
Sant Antoni de Portmany,Illes Balears,,,,,,,0.1,0,0,
"Ibiza, Aeropuerto",Illes Balears,13.7 (12:40),11.6 (02:40),12.7,26 (20:20),15 (19:40),0,0,0,0,0
Eivissa,Illes Balears,14.7 (13:20),9.2 (05:10),11.9,24 (14:00),15 (14:30),0,0,0,0,0
Formentera,Illes Balears,14.2 (14:20),10.7 (02:20),12.4,22 (19:50),12 (23:00),0,0,0,0,0
T°as,Las Palmas,24.6 (12:20),17.2 (00:00),20.9,34 (03:40),24 (04:10),0,0,0,0,0
Yaiza Playa Blanca,Las Palmas,24.6 (16:00),15.6 (00:30),20.1,37 (09:20),24 (10:10),0,0,0,0,0
Lanzarote Aeropuerto,Las Palmas,25.3 (13:40),14.1 (07:30),19.7,22 (03:40),16 (03:40),0,0,0,0,0
Har°a,Las Palmas,25.4 (14:00),14.7 (00:30),20,38 (13:00),28 (12:40),0,0,0,0,0
Tinajo,Las Palmas,26.0 (14:30),16.2 (01:20),21.1,33 (08:30),27 (03:10),0,0,0,0,0
Roque de los Muchachos,Santa Cruz de Tenerife,,,,,,,,,,
Puntagorda,Santa Cruz de Tenerife,23.5 (15:20),16.4 (05:50),19.9,26 (01:10),13 (01:10),0,0,0,0,0
Tijarafe,Santa Cruz de Tenerife,23.7 (17:00),17.6 (05:30),20.7,19 (13:30),13 (07:00),0,0,0,0,0
El Paso,Santa Cruz de Tenerife,23.4 (11:40),9.8 (08:00),16.6,23 (23:00),15 (22:50),0,0,0,0,0
Fuencaliente,Santa Cruz de Tenerife,26.1 (11:30),19.1 (07:30),22.6,25 (22:50),19 (22:20),0,0,0,0,0
Tazacorte,Santa Cruz de Tenerife,24.9 (12:50),17.5 (22:10),21.2,24 (14:10),14 (14:20),0,0,0,0,0
La Palma Aeropuerto,Santa Cruz de Tenerife,24.6 (10:40),17.3 (04:50),20.9,22 (00:30),15 (00:30),0,0,0,0,0
San AndrÇs y Sauces,Santa Cruz de Tenerife,24.9 (15:40),17.1 (22:00),21,23 (23:20),15 (04:00),0,0,0,0,0
P†jara,Las Palmas,26.4 (23:40),21.0 (00:20),23.7,33 (13:00),22 (12:30),0,0,0,0,0
"Tuineje,Puerto Gran Tarajal",Las Palmas,24.1 (11:50),14.9 (07:40),19.5,28 (16:20),15 (08:00),0,0,0,0,0
Antigua,Las Palmas,26.5 (13:50),16.7 (07:50),21.6,20 (14:30),14 (16:20),0,0,0,0,0
Fuerteventura Aeropuerto,Las Palmas,23.0 (16:30),14.7 (07:50),18.8,24 (08:50),15 (01:00),0,0,0,0,0
La Oliva,Las Palmas,25.7 (14:20),16.0 (00:50),20.9,27 (09:40),18 (09:40),0,0,0,0,0
"La Oliva, Puerto de Corralejo",Las Palmas,22.9 (14:00),16.6 (07:40),19.8,24 (10:20),19 (10:10),0,0,0,0,0
"Vallehermoso, Alto Igualero",Santa Cruz de Tenerife,,,,35 (04:50),30 (04:20),,0,0,0,
Arure,Santa Cruz de Tenerife,22.9 (13:30),15.9 (19:10),19.4,24 (13:40),16 (11:30),0,0,0,0,0
Agulo,Santa Cruz de Tenerife,26.7 (15:10),16.5 (22:40),21.6,36 (03:00),27 (02:50),0,0,0,0,0
"Vallehermoso, Dama",Santa Cruz de Tenerife,27.6 (12:30),16.6 (23:30),22.1,26 (06:10),14 (06:10),0,0,0,0,0
Hermigua,Santa Cruz de Tenerife,25.3 (12:10),14.4 (08:10),19.8,20 (04:00),12 (21:40),0,0,0,0,0
San Sebasti†n de la Gomera,Santa Cruz de Tenerife,26.8 (14:00),18.0 (04:10),22.4,19 (22:40),12 (01:50),0,0,0,0,0
"La Orotava, Ca§adas Teide",Santa Cruz de Tenerife,16.7 (13:40),2.4 (06:00),9.6,27 (22:20),21 (22:40),0,0,0,0,0
Adeje,Santa Cruz de Tenerife,28.3 (12:10),17.1 (03:20),22.7,,,0,0,0,0,0
Arico,Santa Cruz de Tenerife,,,,22 (01:50),15 (00:20),0,0,0,0,0
Tenerife Sur Aeropuerto,Santa Cruz de Tenerife,,,,35 (19:20),22 (14:00),0,0,0,0,0
Iza§a,Santa Cruz de Tenerife,13.4 (13:50),6.1 (03:30),9.7,36 (23:20),28 (23:30),0,0,0,0,0
Candelaria,Santa Cruz de Tenerife,25.6 (13:30),16.7 (08:10),21.2,26 (21:00),21 (21:20),0,0,0,0,0
GÅ°mar,Santa Cruz de Tenerife,26.1 (13:10),13.4 (06:00),19.8,16 (13:40),13 (13:40),0,0,0,0,0
"San Crist¢bal de La Laguna,Llano de los Loros",Santa Cruz de Tenerife,25.4 (13:20),13.4 (19:20),19.4,28 (23:30),19 (21:50),0,0,0,0,0
Tenerife Norte Aeropuerto,Santa Cruz de Tenerife,24.8 (11:10),15.0 (08:10),19.9,28 (14:40),16 (04:10),0,0,0,0,0
Sta.Cruz de Tenerife,Santa Cruz de Tenerife,25.9 (12:50),17.1 (03:30),21.5,16 (08:10),12 (08:20),0,0,0,0,0
Anaga,Santa Cruz de Tenerife,26.7 (11:30),15.2 (02:50),21,15 (13:40),10 (14:20),0,0,0,0,0
La Victoria de Acentejo,Santa Cruz de Tenerife,24.7 (14:00),14.3 (01:50),19.5,22 (21:00),17 (03:20),0,0,0,0,0
Tacoronte,Santa Cruz de Tenerife,28.1 (12:20),16.7 (02:20),22.4,31 (23:50),23 (23:50),0,0,0,0,0
Puerto de la Cruz,Santa Cruz de Tenerife,26.1 (14:50),18.4 (04:50),22.3,14 (23:59),9 (00:50),0,0,0,0,0
San Juan de la Rambla,Santa Cruz de Tenerife,24.1 (11:40),15.5 (23:10),19.8,26 (02:10),19 (02:10),0,0,0,0,0
Vega de San Mateo,Las Palmas,19.1 (12:50),10.1 (07:50),14.6,32 (23:59),21 (23:40),0,0,0,0,0
"Tejeda, Cruz de Tejeda",Las Palmas,18.0 (12:20),11.4 (04:00),14.7,33 (22:50),22 (22:20),0,0,0,0,0
Tejeda,Las Palmas,24.0 (13:40),17.0 (20:50),20.5,28 (18:20),17 (07:40),0,0,0,0,0
Agaete,Las Palmas,25.9 (17:40),18.1 (08:00),22,18 (02:50),14 (03:10),0,0,0,0,0
La Aldea de San Nicol†s,Las Palmas,24.8 (15:20),12.4 (07:30),18.6,24 (15:20),17 (11:50),0,0,0,0,0
"San Bartolome Tirajana, Cuevas del Pinar",Las Palmas,21.1 (14:20),14.3 (21:40),17.7,28 (23:59),12 (23:59),0,0,0,0,0
"San Bartolome Tirajana, Lomo Pedro Alfonso",Las Palmas,23.9 (15:00),17.4 (02:10),20.6,31 (23:00),23 (23:00),0,0,0,0,0
"La Aldea de San Nicol†s, Tasarte",Las Palmas,,,,29 (13:20),18 (13:50),0,0,0,0,0
"Mog†n, Puerto",Las Palmas,26.8 (14:50),18.0 (07:40),22.4,24 (16:00),21 (16:00),,,,,
"San Bartolome Tirajana, Las Tirajanas",Las Palmas,24.8 (13:00),14.7 (05:20),19.7,19 (14:00),8 (20:20),0,0,0,0,0
"Maspalomas, C. Insular Turismo",Las Palmas,23.2 (11:50),17.8 (02:10),20.5,24 (09:50),13 (11:10),0,0,0,0,0
"San Bartolome Tirajana, El Matorral",Las Palmas,25.9 (13:40),16.0 (04:00),20.9,18 (10:20),14 (22:30),0,0,0,0,0
AgÅimes,Las Palmas,26.9 (11:50),17.2 (04:10),22.1,21 (23:40),15 (23:30),0,0,0,0,0
"Telde, Centro Forestal Doramas",Las Palmas,27.1 (12:20),15.9 (03:30),21.5,28 (13:20),19 (14:00),0,0,0,0,0
Gran Canaria Aeropuerto,Las Palmas,24.3 (13:40),15.3 (04:40),19.8,21 (14:00),15 (14:00),0,0,0,0,0
"Telde, Melenara",Las Palmas,23.6 (10:50),12.0 (01:40),17.8,14 (13:10),10 (22:20),0,0,0,0,0
Teror,Las Palmas,27.6 (11:20),12.1 (04:30),19.9,19 (11:40),10 (11:40),0,0,0,0,0
"Las Palmas de Gran Canaria, Tafira",Las Palmas,25.1 (14:20),15.6 (03:40),20.4,21 (14:40),13 (14:40),0,0,0,0,0
"Las Palmas de Gran Canaria, San Cristobal",Las Palmas,26.1 (13:10),18.4 (02:20),22.3,21 (10:30),17 (10:00),0,0,0,0,0
"Las Palmas de Gran Canaria, Pl. de la Feria",Las Palmas,23.5 (11:20),18.1 (01:50),20.8,20 (15:00),11 (15:50),0,0,0,0,0
Valleseco,Las Palmas,24.2 (14:40),15.3 (20:50),19.8,31 (23:59),22 (23:59),0,0,0,0,0
Agaete - Suerte Alta,Las Palmas,27.2 (14:30),18.5 (02:50),22.9,15 (05:30),11 (05:30),0,0,0,0,0
Arucas,Las Palmas,25.2 (13:00),14.7 (03:10),20,24 (23:59),14 (04:50),0,0,0,0,0
Maspalomas,Las Palmas,,,,31 (10:20),24 (10:00),0,0,0,0,0
Teguise,Las Palmas,27.1 (12:00),17.4 (23:50),22.3,,,0,0,0,0,0
"El Pinar, Dep¢sito",Santa Cruz de Tenerife,22.2 (14:20),10.1 (04:50),16.2,16 (14:30),9 (13:20),0,0,0,0,0
"El Pinar, La Dehesa",Santa Cruz de Tenerife,,,,,,,,,,
"San AndrÇs, Valverde",Santa Cruz de Tenerife,20.8 (14:00),10.1 (01:00),15.4,19 (11:20),13 (11:20),0,0,0,0,0
Valverde,Santa Cruz de Tenerife,22.8 (15:10),17.5 (07:20),20.1,31 (10:30),24 (10:30),0,0,0,0,0
Hierro Aeropuerto,Santa Cruz de Tenerife,26.9 (12:40),18.4 (04:00),22.6,41 (17:00),25 (03:10),0,0,0,0,0
"Frontera, Sabinosa",Santa Cruz de Tenerife,24.0 (14:20),16.6 (23:10),20.3,10 (13:00),8 (12:50),0,0,0,0,0
